sid,end_user,end_user,model,ri,qc_engineer,xy_scanner,head_type,mod_vit,sliding_stage,sample_chuck,ae,approval_status,registered_at,id,date,mfg_engineer,reference_doc
,Zhejiang Mdk Optical Semiconductor,,NX20,Research,,Dual 100µm(300mm),Long,Dual MOD 6 units,,Vacuum Sample Chuck,AE402,approved,2026-01-19 05:58:59,626,2022-02-24,,
,Daikin Chemical Europe GmbH (PSE),,NX10,Research,,Single 50µm,Long,Mini450F,,,AE203,approved,2026-01-19 05:58:59,625,2022-02-25,,
,ASML (ST Instruments),,NX-Hivac,Research,,Single 100µm,Long,Single MOD 2 units,,,Chamber,approved,2026-01-19 05:58:59,624,2022-02-26,,
,Riken,,NX-TSH,Industrial,,,TSH 50µm,Dual MOD 8 units,,,AE402,approved,2026-01-19 05:58:59,623,2022-03-14,,
,Samsung SRD,,NX-Hybrid WLI,Industrial,,Dual 100µm(300mm),Auto Align Standard,Dual MOD 8 units,50mm,SiC Anti-warpage chuck,Isolated,approved,2026-01-19 05:58:59,622,2022-04-15,,
,NRMTC,,NX-Mask,Industrial,,,TSH 50µm,Dual MOD 8 units,,Mask,Isolated,approved,2026-01-19 05:58:59,621,2022-08-17,,
,SMIC Shanghai,,NX-Hybrid WLI,Industrial,,Dual 100µm(300mm),Auto Align Standard,Dual MOD 10 units,50mm,SiC Anti-warpage chuck,Isolated,approved,2026-01-19 05:58:59,620,2022-08-19,,
,TSMC F12 P4,,NX-Wafer,Industrial,,Dual 100µm(300mm),Auto Align Standard,Dual MOD 8 units,50mm,SiC Fork type chuck,Isolated,approved,2026-01-19 05:58:59,619,2022-08-25,,
,LG Display P10(H1),,NX-TSH,Industrial,,,TSH 100µm,,,,,approved,2026-01-19 05:58:59,617,2022-08-26,,
,LG Display P10(H2),,NX-TSH,Industrial,,,TSH 100µm,,,,,approved,2026-01-19 05:58:59,618,2022-08-26,,
,LG Display P9(H2),,NX-TSH,Industrial,,,TSH 100µm,,,,,approved,2026-01-19 05:58:59,616,2022-09-01,,
,LG Display P9(H1),,NX-TSH,Industrial,,,TSH 100µm,,,,,approved,2026-01-19 05:58:59,615,2022-09-01,,
,Laboratory of Solid State Physics,,FX40,Research,,Single 100µm,FX Standard,Mini450F,,,FX40AE,approved,2026-01-19 05:58:59,614,2022-11-03,,
,Hoya,,NX-Mask,Industrial,,,TSH 50µm,Dual MOD 8 units,,Mask,Isolated,approved,2026-01-19 05:58:59,613,2022-11-18,,
,경상국립대학교(화학과),,NX12,Research,,Single 100µm,Standard,Mini450F,,,AE204,approved,2026-01-19 05:58:59,612,2022-11-28,,
,Canon(Hiratsuka #2),,NX-Wafer,Industrial,,Dual 100µm(300mm),Auto Align Standard,Dual MOD 8 units,50mm,SiC Anti-warpage chuck,Isolated,approved,2026-01-19 05:58:59,611,2022-11-29,,
,Canon(Hiratsuka #1),,NX-Wafer,Industrial,,Dual 100µm(300mm),Auto Align Standard,Dual MOD 8 units,50mm,SiC Anti-warpage chuck,Isolated,approved,2026-01-19 05:58:59,610,2022-11-29,,
,Fujibo,,NX-Wafer,Industrial,,Dual 100µm(300mm),Auto Align Standard,Dual MOD 8 units,50mm,SiC Anti-warpage chuck,Isolated,approved,2026-01-19 05:58:59,609,2022-12-01,,
,Samsung Mask,,NX-Mask,Industrial,,,TSH 50µm,Dual MOD 8 units,,Mask,Isolated,approved,2026-01-19 05:58:59,608,2022-12-27,,
,서울시립대 공동실습실험관,,FX40,Research,,Single 100µm,FX Standard,Mini450F,,,FX40AE,approved,2026-01-19 05:58:59,607,2023-02-01,,
,University of Reims,,NX12,Research,,Single 100µm,Standard,Single MOD 2 units,,,AE203,approved,2026-01-19 05:58:59,606,2023-02-02,,
,울산대학교,,NX12,Research,,Single 100µm,Standard,Mini450F,,,AE204,approved,2026-01-19 05:58:59,605,2023-02-15,,
,Nanoplexus Limited,,FX40,Research,,Single 100µm,FX Standard,Mini450F,,,FX40AE,approved,2026-01-19 05:58:59,604,2023-02-27,,
,Jiangsu Xianke Semiconductor New Materials,,NX10,Research,,Single 100µm,Standard,Mini450F,,,AE203,approved,2026-01-19 05:58:59,603,2023-03-09,,
,University of Warwick,,NX10,Research,,Single 50µm,Standard,Mini450F,,,AE203,approved,2026-01-19 05:58:59,602,2023-03-10,,
,Tokyo institute of technology,,NX7,Research,,Single 50µm,Standard,Accurion i4,,,AE203,approved,2026-01-19 05:58:59,601,2023-03-13,,
,INOMAR_NX10,,NX10,Research,,Single 50µm,Standard,Mini450F,,,AE101,approved,2026-01-19 05:58:59,600,2023-03-16,,
,TSMC F12 EBO,,NX-Mask,Industrial,,,TSH 50µm,Dual MOD 8 units,,Mask,Isolated,approved,2026-01-19 05:58:59,599,2023-03-16,,
,National Laboratory of Metrology and Testing (LNE),,FX40,Research,,Single 100µm,FX Standard,Mini450F,,,FX40AE,approved,2026-01-19 05:58:59,598,2023-03-20,,
,Zhejiang University Department of Chemistry,,NX10,Research,,Single 100µm,Standard,Mini450F,,,AE203,approved,2026-01-19 05:58:59,597,2023-03-20,,
,Park Systems UK,,NX20,Research,,Dual 100µm,Standard,Dual MOD 4 units,,Vacuum Sample Chuck,AE401,approved,2026-01-19 05:58:59,596,2023-03-22,,
,PSI,,FX40,Research,,Single 100µm,FX Standard,Mini450F,,,FX40AE,approved,2026-01-19 05:58:59,595,2023-03-23,,
,Park Systems Europe GmbH,,NX10,Research,,Single 50µm,Standard,Mini450F,,,AE203,approved,2026-01-19 05:58:59,594,2023-03-23,,
,한국기계연구원,,NX10,Research,,Single 50µm,Standard,Mini450F,,,AE203,approved,2026-01-19 05:58:59,593,2023-03-27,,
,QMOT,,NX-Mask,Industrial,,,TSH 50µm,Dual MOD 8 units,,Mask,Isolated,approved,2026-01-19 05:58:59,592,2023-03-27,,
,OCI 주식회사,,NX20,Research,,Dual 100µm,Standard,Dual MOD 4 units,,Vacuum Sample Chuck,AE202,approved,2026-01-19 05:58:59,591,2023-03-28,,
,Zhonghuan semiconductor,,NX20,Research,,Dual 100µm,Standard,Single MOD 2 units,,Vacuum Sample Chuck,AE202,approved,2026-01-19 05:58:59,590,2023-03-29,,
,선문대학교(디스플레이반도체공학과),,NX7,Research,,Single 50µm,Standard,Accurion i4,,,AE101,approved,2026-01-19 05:58:59,589,2023-03-30,,
,경북대 하이브리드부품연구원,,NX12,Research,,Single 100µm,Standard,Mini450F,,,AE204,approved,2026-01-19 05:58:59,588,2023-03-31,,
,Fudan University(Department of Physics),,NX10,Research,,Single 100µm,Standard,Mini450F,,,AE203,approved,2026-01-19 05:58:59,587,2023-04-03,,
,National Institutes of Technology (NITs),,NX12,Research,,Single 100µm,Standard,Mini450F,,,AE204,approved,2026-01-19 05:58:59,586,2023-04-05,,
,PSE DEMO_NX10,,NX10,Research,,Single 50µm,Standard,Mini450F,,,AE203,approved,2026-01-19 05:58:59,584,2023-04-06,,
,Leica Biosystems,,NX10,Research,,Single 50µm,Standard,Mini450F,,,AE101,approved,2026-01-19 05:58:59,585,2023-04-06,,
,MSSCORPS,,FX40,Research,,Single 100µm,FX Standard,Mini450F,,,FX40AE,approved,2026-01-19 05:58:59,583,2023-04-07,,
,전남대학교 신소재공학부,,NX10,Research,,Single 50µm,Standard,Mini450F,,,AE203,approved,2026-01-19 05:58:59,582,2023-04-10,,
,Dongguan Huasheng Vacuum Coating Technology,,NX10,Research,,Single 100µm,Long,Mini450F,,,AE203,approved,2026-01-19 05:58:59,581,2023-04-12,,
,Yachay Tech University,,NX7,Research,,Single 50µm,Standard,Accurion i4,,,AE101,approved,2026-01-19 05:58:59,580,2023-04-13,,
,Wuhan YMTC Fab2 #3,,NX-Wafer,Industrial,,Dual 100µm(300mm),Auto Align Standard,Dual MOD 7 units,50mm,SiC Anti-warpage chuck,Double Walled,approved,2026-01-19 05:58:59,579,2023-04-13,,
,Ecole centrale de Lyon (LTDS),,FX40,Research,,Single 100µm,FX Standard,Mini450F,,,FX40AE,approved,2026-01-19 05:58:59,578,2023-04-17,,
,Wuhan YMTC Fab2 #2,,NX-Wafer,Industrial,,Dual 100µm(300mm),Auto Align Standard,Dual MOD 7 units,50mm,SiC Anti-warpage chuck,Double Walled,approved,2026-01-19 05:58:59,577,2023-04-18,,
,University of Arizona,,NX7,Research,,Single 50µm,Standard,Minus-K,,,,approved,2026-01-19 05:58:59,576,2023-04-19,,
,Sincere International Trading Company Limited,,NX20,Research,,Dual 100µm,Standard,Single MOD 2 units,,Vacuum Sample Chuck,AE202,approved,2026-01-19 05:58:59,575,2023-04-19,,
,On-Semi_1,,NX-Wafer,Industrial,,Dual 100µm(300mm),Auto Align Long,Dual MOD 8 units,10mm,SiC Anti-warpage chuck,Isolated,approved,2026-01-19 05:58:59,574,2023-04-20,,
,On-Semi,,NX-Wafer,Industrial,,Dual 100µm(300mm),Auto Align Long,Dual MOD 8 units,10mm,SiC Anti-warpage chuck,Isolated,approved,2026-01-19 05:58:59,573,2023-04-20,,
,Hacettepe University,,NX12,Research,,Single 100µm,Standard,Mini450F,,,AE204,approved,2026-01-19 05:58:59,572,2023-04-24,,
,TSMC AP6,,NX-Wafer,Industrial,,Dual 100µm(300mm),Auto Align Long,Dual MOD 8 units,50mm,SiC Anti-warpage chuck,Isolated,approved,2026-01-19 05:58:59,571,2023-04-24,,
,Hangzhou Zeda Semiconductor,,NX20,Research,,Dual 100µm,Standard,Single MOD 2 units,,Vacuum Sample Chuck,AE202,approved,2026-01-19 05:58:59,570,2023-04-25,,
,Tel Aviv University_NX12,,NX12,Research,,Single 100µm,Standard,Mini450F,,,AE204,approved,2026-01-19 05:58:59,569,2023-04-26,,
,Tel Aviv University,,NX10,Research,,Single 100µm,Standard,Mini450F,,,AE203,approved,2026-01-19 05:58:59,568,2023-04-26,,
,Hebei Synlight Crystal Co. Ltd #5,,NX20,Research,,Dual 100µm,Standard,Dual MOD 4 units,,Vacuum Sample Chuck,AE401,approved,2026-01-19 05:58:59,567,2023-04-26,,
,Jincheng industrial research institute,,NX20,Research,,Dual 100µm,Standard,Dual MOD 4 units,,Vacuum Sample Chuck,AE202,approved,2026-01-19 05:58:59,565,2023-04-28,,
,한국화학연구원,,NX10,Research,,Single 50µm,Standard,Mini450F,,,Glove Box,approved,2026-01-19 05:58:59,566,2023-04-28,,
,Tianjin Normal University,,NX10,Research,,Single 100µm,Standard,Mini450F,,,AE101,approved,2026-01-19 05:58:59,564,2023-05-03,,
,Lanzhou University,,NX10,Research,,Single 100µm,Standard,Mini450F,,,AE203,approved,2026-01-19 05:58:59,563,2023-05-03,,
,Intel Chandler,,NX-TSH,Industrial,,,TSH 100µm,,,,,approved,2026-01-19 05:58:59,562,2023-05-08,,
,동아대학교_신소재공학과,,NX10,Research,,Single 50µm,Standard,Mini450F,,,AE203,approved,2026-01-19 05:58:59,561,2023-05-10,,
,Shenzhen Heavy Investment Tianke Semiconductor,,NX20,Research,,Dual 100µm,Standard,Dual MOD 4 units,,Vacuum Sample Chuck,AE202,approved,2026-01-19 05:58:59,560,2023-05-10,,
,CXT #3,,NX-Wafer,Industrial,,Dual 100µm(300mm),Auto Align Standard,Dual MOD 7 units,50mm,SiC Anti-warpage chuck,Double Walled,approved,2026-01-19 05:58:59,559,2023-05-11,,
,CXT #2,,NX-Wafer,Industrial,,Dual 100µm(300mm),Auto Align Standard,Dual MOD 7 units,50mm,SiC Anti-warpage chuck,Double Walled,approved,2026-01-19 05:58:59,558,2023-05-11,,
,Shenzhen Founder Microelectronics International(FMIC) #1,,NX20,Research,,Dual 100µm,Standard,Single MOD 2 units,,Vacuum Sample Chuck,AE202,approved,2026-01-19 05:58:59,557,2023-05-15,,
,A Inc._Aurora,,NX-Wafer,Industrial,,Dual 100µm(300mm),Auto Align Standard,Dual MOD 6 units,10mm,SiC Bar type chuck,Double Walled,approved,2026-01-19 05:58:59,556,2023-05-16,,
,Quantlase Lab,,NX12,Research,,Single 100µm,Standard,Mini450F,,,AE204,approved,2026-01-19 05:58:59,555,2023-05-18,,
,Swansea University,,NX10,Research,,Single 50µm,Standard,Mini450F,,,AE101,approved,2026-01-19 05:58:59,554,2023-05-19,,
,UNC,,NX12,Research,,Single 100µm,Standard,Mini450F,,,AE204,approved,2026-01-19 05:58:59,553,2023-05-23,,
,Hangzhou HFC Semiconductor,,NX20,Research,,Dual 100µm(300mm),Standard,Dual MOD 6 units,,Vacuum Sample Chuck,AE402,approved,2026-01-19 05:58:59,552,2023-05-23,,
,Mahidol University,,NX20,Research,,Dual 100µm,Standard,Single MOD 2 units,,Vacuum Sample Chuck,AE202,approved,2026-01-19 05:58:59,549,2023-05-24,,
,KAIST(물리학과),,NX7,Research,,Single 50µm,Standard,Accurion i4,,,AE101,approved,2026-01-19 05:58:59,551,2023-05-24,,
,성균관대학교 정보통신대학,,NX10,Research,,Single 50µm,Standard,Mini450F,,,AE203,approved,2026-01-19 05:58:59,550,2023-05-24,,
,PXW SEMICONDUCTOR MANUFACTURING,,NX-Wafer,Industrial,,Dual 100µm(300mm),Auto Align Standard,Dual MOD 7 units,50mm,SiC Anti-warpage chuck,Double Walled,approved,2026-01-19 05:58:59,547,2023-05-25,,
,PXW SEMICONDUCTOR MANUFACTURING_1,,NX-Wafer,Industrial,,Dual 100µm(300mm),Auto Align Standard,Dual MOD 7 units,50mm,SiC Anti-warpage chuck,Double Walled,approved,2026-01-19 05:58:59,548,2023-05-25,,
,PSE Demo,,NX20,Research,,Dual 100µm,Standard,Dual MOD 4 units,,Vacuum Sample Chuck,AE401,approved,2026-01-19 05:58:59,546,2023-05-26,,
,Shenzhen Founder Microelectronics International(FMIC) #2,,NX20,Research,,Dual 100µm,Standard,Single MOD 2 units,,Vacuum Sample Chuck,AE202,approved,2026-01-19 05:58:59,544,2023-05-30,,
,HC SemiTek,,NX20,Research,,Dual 100µm,Standard,Dual MOD 4 units,,Vacuum Sample Chuck,AE202,approved,2026-01-19 05:58:59,545,2023-05-30,,
,Westlake University_School of Science,,NX10,Research,,Single 100µm,Standard,Accurion i4,,,AE203,approved,2026-01-19 05:58:59,543,2023-06-01,,
,SPTS,,NX7,Research,,Single 50µm,Standard,Accurion i4,,,AE101,approved,2026-01-19 05:58:59,542,2023-06-09,,
,Universitas Andalas,,FX40,Research,,Single 100µm,FX Standard,Accurion i4,,,FX40AE,approved,2026-01-19 05:58:59,541,2023-06-13,,
,Teknotip Cankiri University,,NX10,Research,,Single 50µm,Standard,Mini450F,,,Glove Box,approved,2026-01-19 05:58:59,540,2023-06-13,,
,PSI DEMO Replacement,,NX10,Research,,Single 100µm,Standard,Mini450F,,,AE203,approved,2026-01-19 05:58:59,539,2023-06-14,,
,Ruhr-University of Bochum,,NX20,Research,,Dual 100µm,Standard,Dual MOD 4 units,,Vacuum Sample Chuck,AE401,approved,2026-01-19 05:58:59,538,2023-06-14,,
,AIST,,NX7,Research,,Single 50µm,Standard,Accurion i4,,,AE203,approved,2026-01-19 05:58:59,537,2023-06-15,,
,University of Bergamo,,NX10,Research,,Single 100µm,Standard,Mini450F,,,AE101,approved,2026-01-19 05:58:59,536,2023-06-15,,
,에이프로세미콘,,NX20,Research,,Dual 100µm,Standard,Dual MOD 4 units,,Vacuum Sample Chuck,AE202,approved,2026-01-19 05:58:59,535,2023-06-20,,
,Eindhoven University of Technology,,NX10,Research,,Single 50µm,Standard,Mini450F,,,AE203,approved,2026-01-19 05:58:59,534,2023-06-22,,
,안동대학교_첨단재료공학과,,NX10,Research,,Single 50µm,Standard,Mini450F,,,AE203,approved,2026-01-19 05:58:59,533,2023-06-26,,
,삼성전자,,FX40,Research,,Single 100µm,FX Standard,Mini450F,,,FX40AE,approved,2026-01-19 05:58:59,532,2023-06-27,,
,CXMT Beijing #3,,NX-Wafer,Industrial,,Dual 100µm(300mm),Auto Align Standard,Dual MOD 7 units,50mm,SiC Anti-warpage chuck,Double Walled,approved,2026-01-19 05:58:59,528,2023-06-28,,
,OmniVision Semiconductor Shanghai #2,,NX-Wafer,Industrial,,Dual 100µm(300mm),Auto Align Standard,Dual MOD 7 units,,SiC Fork type chuck,Double Walled,approved,2026-01-19 05:58:59,527,2023-06-28,,
,Polytechnic University of Milan #2,,NX10,Research,,Single 50µm,Standard,Accurion i4,,,AE101,approved,2026-01-19 05:58:59,530,2023-06-28,,
,OmniVision Semiconductor Shanghai #2_1,,NX-Wafer,Industrial,,Dual 100µm(300mm),Auto Align Standard,Dual MOD 7 units,,SiC Fork type chuck,Double Walled,approved,2026-01-19 05:58:59,529,2023-06-28,,
,목포대학교_첨단재료공학과,,NX7,Research,,Single 50µm,Standard,Accurion i4,,,AE101,approved,2026-01-19 05:58:59,531,2023-06-28,,
,"Si En(Qingdao) Intergrated Circuits Co.,Ltd",,NX-Mask,Industrial,,,TSH 50µm,Dual MOD 8 units,,Mask,Isolated,approved,2026-01-19 05:58:59,526,2023-06-29,,
,전남대학교_석유화학신소재공학과,,NX7,Research,,Single 50µm,Standard,Accurion i4,,,AE101,approved,2026-01-19 05:58:59,524,2023-06-30,,
,Zhejiang Jinray Electronic Technology,,NX20,Research,,Dual 100µm,Standard,Dual MOD 4 units,,Vacuum Sample Chuck,AE202,approved,2026-01-19 05:58:59,523,2023-06-30,,
,Sicentury Semiconductor Technology,,NX20,Research,,Dual 100µm,Standard,Dual MOD 4 units,,Vacuum Sample Chuck,AE202,approved,2026-01-19 05:58:59,522,2023-06-30,,
,Samsung P3,,NX-Wafer,Industrial,,Dual 100µm(300mm),Auto Align Standard,Dual MOD 8 units,50mm,SiC Anti-warpage chuck,Isolated,approved,2026-01-19 05:58:59,521,2023-06-30,,
,Sun Yat-sen University of ShenZhen Lab,,NX20,Research,,Dual 100µm,Standard,Single MOD 2 units,,Vacuum Sample Chuck,AE202,approved,2026-01-19 05:58:59,525,2023-06-30,,
,SMOC,,NX-Wafer,Industrial,,Dual 100µm(300mm),Auto Align Standard,Dual MOD 7 units,50mm,SiC Anti-warpage chuck,Double Walled,approved,2026-01-19 05:58:59,520,2023-07-10,,
,PS UK Demo,,FX40,Research,,Single 100µm,FX Standard,Accurion i4,,,FX40AE,approved,2026-01-19 05:58:59,519,2023-07-13,,
,TYSiC #1,,NX20 Lite,Research,,Single 100µm,Standard,Accurion i4,,Vacuum Sample Chuck,AE201,approved,2026-01-19 05:58:59,518,2023-07-14,,
,Nanjing University_Electronic Science & Engineering,,NX20,Research,,Dual 100µm,Standard,Dual MOD 4 units,,Vacuum Sample Chuck,AE202,approved,2026-01-19 05:58:59,517,2023-07-14,,
,OLED AOMORI,,NX7,Research,,Single 50µm,Standard,Accurion i4,,,AE101,approved,2026-01-19 05:58:59,516,2023-07-17,,
,Zhejiang University_Center of Electron Microscopy,,FX40,Research,,Single 100µm,FX Standard,Mini450F,,,FX40AE,approved,2026-01-19 05:58:59,515,2023-07-18,,
,TYSiC #2,,NX20 Lite,Research,,Single 100µm,Standard,Accurion i4,,Vacuum Sample Chuck,AE201,approved,2026-01-19 05:58:59,514,2023-07-20,,
,제주대학교 화학코스메틱스학과,,NX10,Research,,Single 50µm,Standard,Accurion i4,,,AE203,approved,2026-01-19 05:58:59,513,2023-07-21,,
,Tokuyama Corporation,,NX10,Research,,Single 50µm,Standard,Mini450F,,,AE203,approved,2026-01-19 05:58:59,512,2023-07-21,,
,CXMT Hefei #7,,NX-Wafer,Industrial,,Dual 100µm(300mm),Auto Align Standard,Dual MOD 7 units,50mm,SiC Anti-warpage chuck,Double Walled,approved,2026-01-19 05:58:59,511,2023-07-25,,
,부경대학교 화학과,,NX10,Research,,Single 50µm,Standard,Mini450F,,,AE203,approved,2026-01-19 05:58:59,510,2023-07-26,,
,"Huzhou Tony Semiconductor Technology Co., Ltd",,NX-Wafer,Industrial,,Dual 100µm(300mm),Auto Align Standard,Dual MOD 6 units,,AL Bar type chuck,Double Walled,approved,2026-01-19 05:58:59,509,2023-07-27,,
,Chip Hub for Integrated Photonics Xplore (CHIPX),,NX20,Research,,Dual 100µm,Standard,Single MOD 2 units,,Vacuum Sample Chuck,AE202,approved,2026-01-19 05:58:59,507,2023-07-28,,
,Shanghai GTX Semiconductor,,NX-Wafer,Industrial,,Dual 100µm(300mm),Auto Align Standard,Dual MOD 7 units,50mm,SiC Anti-warpage chuck,Double Walled,approved,2026-01-19 05:58:59,505,2023-07-28,,
,Hebei Synlight Crystal Co.Ltd #6,,NX20,Research,,Dual 100µm,Standard,Dual MOD 4 units,,Vacuum Sample Chuck,AE401,approved,2026-01-19 05:58:59,508,2023-07-28,,
,Shanghai GTX Semiconductor_1,,NX-Wafer,Industrial,,Dual 100µm(300mm),Auto Align Standard,Dual MOD 7 units,50mm,SiC Anti-warpage chuck,Double Walled,approved,2026-01-19 05:58:59,506,2023-07-28,,
,School of Physical and Mathematical Sciences,,NX10,Research,,Single 50µm,Standard,Mini450F,,,AE203,approved,2026-01-19 05:58:59,504,2023-07-31,,
,ICFO,,FX40,Research,,Single 100µm,FX Standard,Accurion i4,,,FX40AE,approved,2026-01-19 05:58:59,503,2023-08-01,,
,성균관대학교 신소재공학부,,FX40,Research,,Single 100µm,FX Standard,Accurion i4,,,FX40AE,approved,2026-01-19 05:58:59,502,2023-08-04,,
,"SINCERE INTERNATION TRADE CO.,LIMITED #4",,NX-HDM,Industrial,,Dual 100µm,Auto Align Standard,Dual MOD 4 units,,AL Bar type chuck,AE401,approved,2026-01-19 05:58:59,501,2023-08-04,,
,ICMAB-CSIC,,NX10,Research,,Single 100µm,Standard,Accurion i4,,,AE101,approved,2026-01-19 05:58:59,500,2023-08-07,,
,George Mason University,,NX12,Research,,Single 100µm,Standard,Mini450F,,,AE204,approved,2026-01-19 05:58:59,499,2023-08-07,,
,Infineon Villach #8,,NX-Wafer,Industrial,,Dual 100µm(300mm),Auto Align Standard,Dual MOD 6 units,,SiC Bar type chuck,Double Walled,approved,2026-01-19 05:58:59,498,2023-08-08,,
,Infineon Villach #7,,NX-Wafer,Industrial,,Dual 100µm(300mm),Auto Align Standard,Dual MOD 6 units,,SiC Bar type chuck,Double Walled,approved,2026-01-19 05:58:59,497,2023-08-08,,
,GRANDIT,,NX10,Research,,Single 100µm,Standard,Mini450F,,,AE203,approved,2026-01-19 05:58:59,496,2023-08-18,,
,Dyson UK,,NX10,Research,,Single 50µm,Standard,Accurion i4,,,AE101,approved,2026-01-19 05:58:59,495,2023-08-21,,
,"SINCERE INTERNATION TRADE CO.,LIMITED #5",,NX-HDM,Industrial,,Dual 100µm,Auto Align Standard,Dual MOD 4 units,,AL Bar type chuck,AE401,approved,2026-01-19 05:58:59,494,2023-08-21,,
,"SINCERE INTERNATION TRADE CO.,LIMITED #1",,NX-HDM,Industrial,,Dual 100µm,Auto Align Standard,Dual MOD 4 units,,AL Bar type chuck,AE401,approved,2026-01-19 05:58:59,493,2023-08-21,,
,주식회사 에이치앤에스,,NX10,Research,,Single 50µm,Standard,Mini450F,,,AE203,approved,2026-01-19 05:58:59,492,2023-08-22,,
,Columbia Univ,,FX40,Research,,Single 100µm,FX Standard,Accurion i4,,,FX40AE,approved,2026-01-19 05:58:59,491,2023-08-25,,
,"SINCERE INTERNATION TRADE CO.,LIMITED #3",,NX-HDM,Industrial,,Dual 100µm,Auto Align Standard,Dual MOD 4 units,,AL Bar type chuck,AE401,approved,2026-01-19 05:58:59,487,2023-08-28,,
,Nexchip #3,,NX-Wafer,Industrial,,Dual 100µm(300mm),Auto Align Standard,Dual MOD 7 units,10mm,SiC Anti-warpage chuck,Double Walled,approved,2026-01-19 05:58:59,488,2023-08-28,,
,Park Systems Singapore(demo 장비),,NX20,Research,,Dual 100µm,Standard,Single MOD 2 units,,Vacuum Sample Chuck,AE202,approved,2026-01-19 05:58:59,490,2023-08-28,,
,"Hisense Broadband,Inc.",,NX10,Research,,Single 100µm,Standard,Mini450F,,,AE203,approved,2026-01-19 05:58:59,489,2023-08-28,,
,"SINCERE INTERNATION TRADE CO.,LIMITED #2",,NX-HDM,Industrial,,Dual 100µm,Auto Align Standard,Dual MOD 4 units,,AL Bar type chuck,AE401,approved,2026-01-19 05:58:59,486,2023-08-30,,
,Westlake University_Jia Xing Huang Lab,,FX40,Research,,Single 100µm,FX Standard,Mini450F,,,FX40AE,approved,2026-01-19 05:58:59,485,2023-08-31,,
,University of Texas at Arlington,,NX10,Research,,Single 100µm,Standard,Accurion i4,,,AE203,approved,2026-01-19 05:58:59,484,2023-08-31,,
,Sincere International Trading Company Limited #2,,NX20,Research,,Dual 100µm(300mm),Standard,Dual MOD 6 units,,Vacuum Sample Chuck,AE402,approved,2026-01-19 05:58:59,483,2023-08-31,,
,부산대학교_공과대학,,NX20,Research,,Dual 100µm,Standard,Dual MOD 4 units,,Vacuum Sample Chuck,AE202,approved,2026-01-19 05:58:59,482,2023-08-31,,
,"SweGan, Sweden",,NX20,Research,,Dual 100µm,Standard,Dual MOD 4 units,,Vacuum Sample Chuck,AE401,approved,2026-01-19 05:58:59,481,2023-09-07,,
,Rebeca Ribeiro,,FX40,Research,,Single 100µm,FX Standard,Accurion i4,,,FX40AE,approved,2026-01-19 05:58:59,480,2023-09-08,,
,Infineon Kulim #2_1,,NX-Wafer,Industrial,,Dual 100µm(300mm),Auto Align Standard,Dual MOD 6 units,,SiC Bar type chuck,Double Walled,approved,2026-01-19 05:58:59,478,2023-09-08,,
,Infineon Kulim #2,,NX-Wafer,Industrial,,Dual 100µm(300mm),Auto Align Standard,Dual MOD 6 units,,SiC Bar type chuck,Double Walled,approved,2026-01-19 05:58:59,477,2023-09-08,,
,Xavier University,,NX10,Research,,Single 50µm,Standard,Mini450F,,,AE101,approved,2026-01-19 05:58:59,479,2023-09-08,,
,Indian Institute of Science Education and Research Thiruvananthapuram,,NX7,Research,,Single 10µm,Standard,Mini450F,,,AE101,approved,2026-01-19 05:58:59,476,2023-09-12,,
,Infineon Villach (PSE) #8,,NX-Wafer,Industrial,,Dual 100µm,Auto Align Standard,Dual MOD 6 units,,SiC Bar type chuck,Double Walled,approved,2026-01-19 05:58:59,475,2023-09-14,,
,Infineon Villach (PSE) #7,,NX-Wafer,Industrial,,Dual 100µm,Auto Align Standard,Dual MOD 6 units,,SiC Bar type chuck,Double Walled,approved,2026-01-19 05:58:59,474,2023-09-14,,
,부산대학교 재료공학부 (세원),,NX7,Research,,Single 50µm,Standard,Accurion i4,,,AE101,approved,2026-01-19 05:58:59,472,2023-09-18,,
,Wuhan Aroptics-tech,,NX20,Research,,Dual 100µm,Standard,Single MOD 2 units,,Vacuum Sample Chuck,AE202,approved,2026-01-19 05:58:59,473,2023-09-18,,
,TSMC F23 (Kumamoto),,NX-Wafer,Industrial,,Dual 100µm(300mm),Auto Align Standard,Dual MOD 7 units,50mm,SiC Fork type chuck,Double Walled,approved,2026-01-19 05:58:59,469,2023-09-19,,
,Swegan AB (PSE),,NX20,Research,,Dual 100µm,Standard,Dual MOD 4 units,,Vacuum Sample Chuck,AE401,approved,2026-01-19 05:58:59,470,2023-09-19,,
,Park Systems Taiwan(demo 장비)(PST),,NX7,Research,,Single 50µm,Standard,Accurion i4,,,AE101,approved,2026-01-19 05:58:59,471,2023-09-19,,
,TYSiC#3,,NX20 Lite,Research,,Single 100µm,Standard,Accurion i4,,Vacuum Sample Chuck,AE201,approved,2026-01-19 05:58:59,463,2023-09-20,,
,TYSiC#4,,NX20 Lite,Research,,Single 100µm,Standard,Accurion i4,,Vacuum Sample Chuck,AE201,approved,2026-01-19 05:58:59,464,2023-09-20,,
,경상국립대학교 반도체공학과,,NX7,Research,,Single 50µm,Standard,Accurion i4,,,AE101,approved,2026-01-19 05:58:59,468,2023-09-20,,
,TYSiC#6,,NX20 Lite,Research,,Single 100µm,Standard,Accurion i4,,Vacuum Sample Chuck,AE201,approved,2026-01-19 05:58:59,466,2023-09-20,,
,TYSiC#5,,NX20 Lite,Research,,Single 100µm,Standard,Accurion i4,,Vacuum Sample Chuck,AE201,approved,2026-01-19 05:58:59,465,2023-09-20,,
,TYSiC#7,,NX20 Lite,Research,,Single 100µm,Standard,Accurion i4,,Vacuum Sample Chuck,AE201,approved,2026-01-19 05:58:59,467,2023-09-20,,
,East China University of Science and Technology,,NX10,Research,,Single 50µm,Standard,Mini450F,,,AE203,approved,2026-01-19 05:58:59,462,2023-09-25,,
,Zhejiang University_Quzhou,,NX10,Research,,Single 100µm,Standard,Accurion i4,,,AE203,approved,2026-01-19 05:58:59,461,2023-09-26,,
,경북하이브리드연구원 (다민사이언스),,NX10,Research,,Single 50µm,Standard,Accurion i4,,,AE203,approved,2026-01-19 05:58:59,460,2023-10-04,,
,Hebei Synlight Semiconductor #7,,NX20,Research,,Dual 100µm,Standard,Dual MOD 4 units,,Vacuum Sample Chuck,AE401,approved,2026-01-19 05:58:59,459,2023-10-04,,
,Fraunhofer Research Institution for Energy Infrastructures and Geothermal Systems IEG (EMFT),,NX20,Research,,Dual 100µm,Standard,Single MOD 2 units,,Vacuum Sample Chuck,AE202,approved,2026-01-19 05:58:59,458,2023-10-04,,
,SUMCO #2,,NX-Wafer,Industrial,,Dual 100µm(300mm),Auto Align Standard,Dual MOD 8 units,,SiC Fork type chuck,Isolated,approved,2026-01-19 05:58:59,457,2023-10-04,,
,SUMCO,,NX-Wafer,Industrial,,Dual 100µm(300mm),Auto Align Standard,Dual MOD 8 units,,SiC Fork type chuck,Isolated,approved,2026-01-19 05:58:59,456,2023-10-05,,
,Brookhaven National Lab(BNL),,FX40,Research,,Single 100µm,FX Standard,Accurion i4,,,FX40AE,approved,2026-01-19 05:58:59,455,2023-10-06,,
,Shenzhen JWKW,,NX-HDM,Industrial,,Dual 100µm,Standard,Dual MOD 4 units,,AL Bar type chuck,AE401,approved,2026-01-19 05:58:59,454,2023-10-10,,
,Quanzhou San'an Semiconductor Tech #2,,NX-HDM,Industrial,,Dual 100µm,Standard,Single MOD 2 units,,AL Bar type chuck,AE401,approved,2026-01-19 05:58:59,453,2023-10-10,,
,National Chung Hsing University,,NX10,Research,,Single 100µm,Standard,Mini450F,,,AE203,approved,2026-01-19 05:58:59,452,2023-10-12,,
,TDK,,NX10,Research,,Single 100µm,Standard,Accurion i4,,,AE203,approved,2026-01-19 05:58:59,451,2023-10-12,,
,IIT Bombay(Indian Institute of Technology Bombay,,NX20,Research,,Dual 100µm,Standard,Single MOD 2 units,,Vacuum Sample Chuck,AE202,approved,2026-01-19 05:58:59,446,2023-10-13,,
,Cornell University(Liu),,NX10,Research,,Single 50µm,Standard,Mini450F,,,AE101,approved,2026-01-19 05:58:59,447,2023-10-13,,
,IDEADED (PSE),,NX20,Research,,Dual 100µm,Standard,Dual MOD 4 units,,Vacuum Sample Chuck,AE401,approved,2026-01-19 05:58:59,449,2023-10-13,,
,NovaSic (PSE),,NX20,Research,,Dual 100µm,Standard,Dual MOD 4 units,,Vacuum Sample Chuck,AE401,approved,2026-01-19 05:58:59,448,2023-10-13,,
,삼성전자 (PE),,FX40,Research,,Single 100µm,FX Standard,Accurion i4,,,FX40AE,approved,2026-01-19 05:58:59,450,2023-10-13,,
,University of Mississippi(Vig Sundaresan),,NX12,Research,,Single 100µm,Standard,Mini450F,,,AE204,approved,2026-01-19 05:58:59,445,2023-10-16,,
,RMUTR University,,NX10,Research,,Single 50µm,Standard,Accurion i4,,,AE101,approved,2026-01-19 05:58:59,444,2023-10-17,,
,TYSiC#12,,NX20 Lite,Research,,Single 100µm,Standard,Accurion i4,,Vacuum Sample Chuck,AE201,approved,2026-01-19 05:58:59,443,2023-10-19,,
,TYSiC#11,,NX20 Lite,Research,,Single 100µm,Standard,Accurion i4,,Vacuum Sample Chuck,AE201,approved,2026-01-19 05:58:59,442,2023-10-19,,
,TYSiC#10,,NX20 Lite,Research,,Single 100µm,Standard,Accurion i4,,Vacuum Sample Chuck,AE201,approved,2026-01-19 05:58:59,441,2023-10-19,,
,TYSiC#9,,NX20 Lite,Research,,Single 100µm,Standard,Accurion i4,,Vacuum Sample Chuck,AE201,approved,2026-01-19 05:58:59,440,2023-10-20,,
,Nagaoka Univ. of Technology(Prof. Syouji),,NX7,Research,,Single 50µm,Standard,Accurion i4,,,AE203,approved,2026-01-19 05:58:59,438,2023-10-20,,
,Guangzhou University,,NX7,Research,,Single 100µm,Standard,Accurion i4,,,AE101,approved,2026-01-19 05:58:59,437,2023-10-20,,
,TYSiC#8,,NX20 Lite,Research,,Single 100µm,Standard,Accurion i4,,Vacuum Sample Chuck,AE201,approved,2026-01-19 05:58:59,439,2023-10-20,,
,Samsung P3D,,NX-Wafer,Industrial,,Dual 100µm(300mm),Auto Align Standard,Dual MOD 8 units,50mm,SiC Anti-warpage chuck,Isolated,approved,2026-01-19 05:58:59,436,2023-10-26,,
,부경대학교 고분자공학과,,NX7,Research,,Single 50µm,Standard,Accurion i4,,,AE101,approved,2026-01-19 05:58:59,435,2023-10-27,,
,경상국립대학교 화학과,,NX7,Research,,Single 50µm,Standard,Accurion i4,,,AE101,approved,2026-01-19 05:58:59,434,2023-10-27,,
,한국교통대학교 화학산업연구소,,FX40,Research,,Single 100µm,FX Standard,Mini450F,,,FX40AE,approved,2026-01-19 05:58:59,432,2023-10-30,,
,University of Aveiro (PSE),,FX40,Research,,Single 100µm,FX Standard,Accurion i4,,,FX40AE,approved,2026-01-19 05:58:59,433,2023-10-30,,
,AI IMAGE TECHNOLOGY,,NX20,Research,,Dual 100µm,Standard,Dual MOD 4 units,,Vacuum Sample Chuck,AE202,approved,2026-01-19 05:58:59,430,2023-10-31,,
,Qingfang (Qingdao) Technology,,NX20,Research,,Dual 100µm,Standard,Dual MOD 4 units,,Vacuum Sample Chuck,AE202,approved,2026-01-19 05:58:59,431,2023-10-31,,
,CXT #4,,NX-Wafer,Industrial,,Dual 100µm(300mm),Auto Align Standard,Dual MOD 7 units,50mm,SiC Anti-warpage chuck,Double Walled,approved,2026-01-19 05:58:59,429,2023-11-01,,
,Longzhong Laboratory,,NX20,Research,,Dual 100µm,Standard,Single MOD 2 units,,Vacuum Sample Chuck,AE202,approved,2026-01-19 05:58:59,428,2023-11-03,,
,Universidad de Cuenca,,NX10,Research,,Single 100µm,Standard,Accurion i4,,,AE101,approved,2026-01-19 05:58:59,427,2023-11-06,,
,Trumpf Photonics (PSE),,NX20,Research,,Dual 100µm,Standard,Dual MOD 4 units,,Vacuum Sample Chuck,AE401,approved,2026-01-19 05:58:59,426,2023-11-07,,
,Shanghai Chisin Instruments (Demo),,FX40,Research,,Single 100µm,FX Standard,Accurion i4,,,FX40AE,approved,2026-01-19 05:58:59,424,2023-11-08,,
,전북대학교 공동실험실습관,,FX40,Research,,Single 100µm,FX Standard,Mini450F,,,FX40AE,approved,2026-01-19 05:58:59,425,2023-11-08,,
,인하대학교 물리학과,,FX40,Research,,Single 100µm,FX Standard,Accurion i4,,,Glove Box,approved,2026-01-19 05:58:59,423,2023-11-10,,
,Exquisite-Automotive Systems,,NX20,Research,,Dual 100µm,Standard,Dual MOD 4 units,,Vacuum Sample Chuck,AE202,approved,2026-01-19 05:58:59,422,2023-11-10,,
,Fukoku,,NX10,Research,,Single 50µm,Standard,Accurion i4,,Vacuum Sample Chuck,AE203,approved,2026-01-19 05:58:59,421,2023-11-10,,
,DESY (Dr.Chumakov),,NX10,Research,,Single 100µm,Standard,Accurion i4,,,AE203,approved,2026-01-19 05:58:59,420,2023-11-13,,
,University of Wuerzburg,,NX7,Research,,Single 100µm,Standard,Accurion i4,,,AE101,approved,2026-01-19 05:58:59,419,2023-11-13,,
,Anhui University,,NX20,Research,,Dual 100µm,Standard,Single MOD 2 units,,Vacuum Sample Chuck,AE202,approved,2026-01-19 05:58:59,418,2023-11-15,,
,Fraunhofer Institute for Silicon Technology (ISIT),,NX20,Research,,Dual 100µm,Standard,Single MOD 2 units,,Vacuum Sample Chuck,AE202,approved,2026-01-19 05:58:59,417,2023-11-16,,
,Zhuhai Gree Electronic Componets#2,,NX15,Research,,Single 100µm,Standard,Accurion i4,,Vacuum Sample Chuck,AE201,approved,2026-01-19 05:58:59,416,2023-11-17,,
,Zhuhai Gree Electronic Componets#1,,NX15,Research,,Single 100µm,Standard,Accurion i4,,Vacuum Sample Chuck,AE201,approved,2026-01-19 05:58:59,415,2023-11-17,,
,강원대학교 화학과 (한솔켐바이오텍),,NX10,Research,,Single 50µm,Standard,Accurion i4,,,AE203,approved,2026-01-19 05:58:59,414,2023-11-20,,
,PrimeNano(Eduard),,NX20,Research,,Dual 100µm,Standard,Single MOD 2 units,,Vacuum Sample Chuck,AE202,approved,2026-01-19 05:58:59,413,2023-11-22,,
,Sidtek(Semiconductor Integrated Display Technology),,NX-Wafer,Industrial,,Dual 100µm(300mm),Auto Align Standard,Dual MOD 7 units,,SiC Bar type chuck,Double Walled,approved,2026-01-19 05:58:59,411,2023-11-24,,
,Khalifa University,,FX40,Research,,Single 100µm,FX Standard,Accurion i4,,,FX40AE,approved,2026-01-19 05:58:59,412,2023-11-24,,
,University of Puerto Rico(Lisandro Cunci),,NX10,Research,,Single 100µm,Standard,Accurion i4,,,FX40AE,approved,2026-01-19 05:58:59,410,2023-11-29,,
,부산대학교 물리학과,,NX7,Research,,Single 50µm,Standard,Accurion i4,,,AE101,approved,2026-01-19 05:58:59,408,2023-11-30,,
,Sincere Internation,,NX15,Research,,Single 100µm,Standard,Accurion i4,,Vacuum Sample Chuck,AE201,approved,2026-01-19 05:58:59,409,2023-11-30,,
,Samsung P3 Foundry S5,,NX-Mask,Industrial,,,TSH 50µm,Dual MOD 8 units,,Mask,Isolated,approved,2026-01-19 05:58:59,406,2023-12-01,,
,"Guangzhou Cansemi IC Manufacturing(Phase III)Co.,Ltd. #1",,NX-Wafer,Industrial,,Dual 100µm(300mm),Auto Align Standard,Dual MOD 7 units,,AL Bar type chuck,Double Walled,approved,2026-01-19 05:58:59,407,2023-12-01,,
,Jinan Guangwei Semiconductor Technology,,NX20,Research,,Dual 100µm,Standard,Single MOD 2 units,,Vacuum Sample Chuck,AE202,approved,2026-01-19 05:58:59,405,2023-12-04,,
,Sabaragamuwa University,,NX10,Research,,Single 50µm,Standard,Accurion i4,,,AE203,approved,2026-01-19 05:58:59,404,2023-12-05,,
,충북대학교 물리학과,,NX10,Research,,Single 50µm,Standard,Accurion i4,,,AE203,approved,2026-01-19 05:58:59,403,2023-12-05,,
,Zhongke Dexin Sensing Technology,,NX20,Research,,Dual 100µm,Standard,Dual MOD 4 units,,Vacuum Sample Chuck,AE202,approved,2026-01-19 05:58:59,402,2023-12-08,,
,Heriot-Watt University (Prof.Brian Gerardot),,FX40,Research,,Single 100µm,FX Standard,Accurion i4,,,FX40AE,approved,2026-01-19 05:58:59,401,2023-12-11,,
,"EpiWorld International Co.,Ltd. #4",,NX20,Research,,Dual 100µm,Standard,Dual MOD 4 units,,Vacuum Sample Chuck,AE202,approved,2026-01-19 05:58:59,399,2023-12-11,,
,"EpiWorld International Co.,Ltd. #3",,NX20,Research,,Dual 100µm,Standard,Dual MOD 4 units,,Vacuum Sample Chuck,AE202,approved,2026-01-19 05:58:59,398,2023-12-11,,
,Brock University(Kaur),,NX10,Research,,Single 50µm,Standard,Accurion i4,,,AE203,approved,2026-01-19 05:58:59,397,2023-12-11,,
,"EpiWorld International Co.,Ltd. #5",,NX20,Research,,Dual 100µm,Standard,Dual MOD 4 units,,Vacuum Sample Chuck,AE202,approved,2026-01-19 05:58:59,400,2023-12-11,,
,Federal University of Juiz de Fora(Benjamin),,NX10,Research,,Single 50µm,Standard,Accurion i4,,,AE203,approved,2026-01-19 05:58:59,396,2023-12-12,,
,Harland Medical Systems,,NX10,Research,,Single 50µm,Standard,Accurion i4,,,AE101,approved,2026-01-19 05:58:59,395,2023-12-12,,
,서울대학교 전기정보공학과,,NX10,Research,,Single 50µm,Standard,Accurion i4,,,AE203,approved,2026-01-19 05:58:59,394,2023-12-14,,
,Tokyo Electron Kyushu,,NX-Wafer,Industrial,,Dual 100µm(300mm),Auto Align Standard,Dual MOD 8 units,,SiC Anti-warpage chuck,Isolated,approved,2026-01-19 05:58:59,393,2023-12-14,,
,XFAB France #2,,NX-Wafer,Industrial,,Dual 100µm,Auto Align Standard,Dual MOD 6 units,50mm,SiC Anti-warpage chuck,Double Walled,approved,2026-01-19 05:58:59,390,2023-12-15,,
,한양대학교 나노광전자학과,,NX10,Research,,Single 50µm,Standard,Mini450F,,,AE203,approved,2026-01-19 05:58:59,391,2023-12-15,,
,Suzhou Loongspeed Semiconductor Technology,,NX20,Research,,Dual 100µm,Standard,Single MOD 2 units,,Vacuum Sample Chuck,AE202,approved,2026-01-19 05:58:59,392,2023-12-15,,
,Chulalongkorn University,,NX10,Research,,Single 50µm,Standard,Accurion i4,,,AE101,approved,2026-01-19 05:58:59,389,2023-12-19,,
,National Taiwan Normal University,,NX10,Research,,Single 100µm,Standard,Accurion i4,,,AE203,approved,2026-01-19 05:58:59,387,2023-12-20,,
,Google(Melissa Archer),,NX-Wafer,Industrial,,Dual 100µm,Auto Align Standard,Dual MOD 6 units,10mm,AL Bar type chuck,Double Walled,approved,2026-01-19 05:58:59,386,2023-12-20,,
,China University of Petroleum,,NX10,Research,,Single 100µm,Standard,Mini450F,,,Glove Box,approved,2026-01-19 05:58:59,388,2023-12-20,,
,Hon Young Semiconductor,,NX20 Lite,Research,,Single 100µm,Standard,Accurion i4,,Vacuum Sample Chuck,AE201,approved,2026-01-19 05:58:59,385,2023-12-22,,
,PowerEpi Semiconductor,,NX20,Research,,Dual 100µm,Standard,Dual MOD 4 units,,Vacuum Sample Chuck,AE202,approved,2026-01-19 05:58:59,384,2023-12-22,,
,IIPE Visakhapatnam,,NX20,Research,,Dual 100µm,Standard,Single MOD 2 units,,Vacuum Sample Chuck,AE202,approved,2026-01-19 05:58:59,383,2023-12-22,,
,"Institute of Industrial Science, the Univ. of Tokyo",,NX10,Research,,Single 50µm,Standard,Accurion i4,,,AE203,approved,2026-01-19 05:58:59,382,2023-12-22,,
,Missouri State University(Rishi Patel),,NX20,Research,,Dual 100µm,Standard,Single MOD 2 units,,Vacuum Sample Chuck,AE202,approved,2026-01-19 05:58:59,381,2023-12-27,,
,한국폴리텍대학교_인천,,NX10,Research,,Single 50µm,Standard,Accurion i4,,,AE203,approved,2026-01-19 05:58:59,380,2023-12-27,,
,QST,,NX10,Research,,Single 50µm,Standard,Mini450F,,,FX40AE,approved,2026-01-19 05:58:59,379,2023-12-28,,
,전북대학교 물리학과,,NX10,Research,,Single 50µm,Standard,Mini450F,,,FX40AE,approved,2026-01-19 05:58:59,378,2023-12-28,,
,한밭대학교 반도체소재부품장비센터,,NX7,Research,,Single 50µm,Standard,Accurion i4,,,AE101,approved,2026-01-19 05:58:59,377,2023-12-29,,
,Intel Hillsboro #1,,NX-Hybrid WLI,Industrial,,Dual 100µm(300mm),Auto Align Long,Dual MOD 8 units,50mm,SiC Anti-warpage chuck,Isolated,approved,2026-01-19 05:58:59,376,2024-01-15,,
,PSI(Mexico) Demo,,NX10,Research,,Single 100µm,Standard,Accurion i4,,,AE203,approved,2026-01-19 05:58:59,375,2024-01-17,,
D30016-191023,중앙대학교 전기전자공학부,,NX7,Research,,Single 50µm,Standard,Accurion i4,,,AE101,approved,2026-01-19 05:58:59,374,2024-01-18,,
,Xidian University,,NX20,Research,,Dual 100µm,Standard,Dual MOD 4 units,,Vacuum Sample Chuck,AE202,approved,2026-01-19 05:58:59,373,2024-01-24,,
C160071-170223,"Shenzhen Pensun Technology Co., Ltd #1",,NX-Wafer,Industrial,,Dual 100µm(300mm),Auto Align Standard,Dual MOD 7 units,50mm,SiC Anti-warpage chuck,Double Walled,approved,2026-01-19 05:58:59,371,2024-01-25,,
C160072-170223,"Shenzhen Pensun Technology Co., Ltd #2",,NX-Wafer,Industrial,,Dual 100µm(300mm),Auto Align Standard,Dual MOD 7 units,50mm,SiC Anti-warpage chuck,Double Walled,approved,2026-01-19 05:58:59,372,2024-01-25,,
,Tianjin De Quan Xing Ye technology,,FX40,Research,,Single 100µm,FX Standard,Accurion i4,,,FX40AE,approved,2026-01-19 05:58:59,370,2024-01-29,,
,베스트그래핀,,FX40,Research,,Single 100µm,FX Standard,Accurion i4,,,FX40AE,approved,2026-01-19 05:58:59,368,2024-01-31,,
,경남테크노파크,,NX20,Research,,Dual 100µm,Standard,Dual MOD 4 units,,Vacuum Sample Chuck,AE202,approved,2026-01-19 05:58:59,367,2024-01-31,,
,한국해양대학교 나노반도체공학과,,NX10,Research,,Single 50µm,Standard,Accurion i4,,,AE203,approved,2026-01-19 05:58:59,369,2024-01-31,,
LU22001-040823,University of Luxembourg (ST Instruments),,NX-Hivac,Research,,Single 50µm,NX-Hivac Auto Align,Single MOD 2 units,,,Chamber,approved,2026-01-19 05:58:59,366,2024-02-02,,
I10012-081123,"National Research Council, Institute for photonics and nanotechnologies - (CNR, IFN) (Gembetti) Zupella",,NX10,Research,,Single 100µm,Standard,Accurion i4,,,AE203,approved,2026-01-19 05:58:59,365,2024-02-08,,
D280012-251023,김해의생명산업진흥원,,FX40,Research,,Single 100µm,FX Standard,Accurion i4,,,FX40AE,approved,2026-01-19 05:58:59,364,2024-02-16,,
,Universidad Autonoma de Madrid (PSE) (UA Madrid),,FX40,Research,,Single 100µm,FX Standard,Accurion i4,,,FX40AE,approved,2026-01-19 05:58:59,363,2024-02-16,,
,Nagoya Univ(Prof. Kato),,NX20,Research,,Dual 100µm,Standard,Single MOD 2 units,,Vacuum Sample Chuck,AE202,approved,2026-01-19 05:58:59,362,2024-02-16,,
C26004-220623,QuanYi Mask Optoelectronics Technology #2,,NX-Mask,Industrial,,,TSH 50µm,Dual MOD 8 units,,Mask,Isolated,approved,2026-01-19 05:58:59,361,2024-02-28,,
C32013-281123,"Xiamen Tianma Optoelectronics Co.,Ltd",,NX20 Lite,Research,,Single 100µm,Standard,Accurion i4,,Vacuum Sample Chuck,AE201,approved,2026-01-19 05:58:59,359,2024-02-29,,
D10170-071223,한국전자기술연구원,,NX10,Research,,Single 50µm,Standard,Accurion i4,,,AE203,approved,2026-01-19 05:58:59,360,2024-02-29,,
C30004-010124,State Grid Tianjin,,NX7,Research,,Single 10µm,Standard,Minus-K,,,AE101,approved,2026-01-19 05:58:59,358,2024-03-04,,
C30003-211223,China Academy of Engineering Physics,,NX7,Research,,Single 50µm,Standard,Minus-K,,,AE101,approved,2026-01-19 05:58:59,357,2024-03-07,,
,NIPER Raebareli,,NX12,Research,,Single 100µm,Standard,Accurion i4 medium,,,AE204,approved,2026-01-19 05:58:59,356,2024-03-08,,
,단국대학교(전기전자공학부),,NX10,Research,,Single 50µm,Standard,Accurion i4,,,AE203,approved,2026-01-19 05:58:59,355,2024-03-08,,
D30017-120124,한국나노마이스터고등학교,,NX7,Research,,Single 50µm,Standard,Accurion i4,,,AE101,approved,2026-01-19 05:58:59,354,2024-03-12,,
,Merseburg University of Applied Sciences (HS Merseburg Krause),,NX10,Research,,Single 100µm,Standard,Accurion i4,,,AE203,approved,2026-01-19 05:58:59,353,2024-03-18,,
,Institute of Materials Science of Barcelona (ICMAB) # 1,,FX40,Research,,Single 100µm,FX Standard,Accurion i4,,,FX40AE,approved,2026-01-19 05:58:59,351,2024-03-22,,
ES28004-241123,Institute of Materials Science of Barcelona (ICMAB) # 2,,FX40,Research,,Single 100µm,FX Standard,Accurion i4,,,FX40AE,approved,2026-01-19 05:58:59,352,2024-03-22,,
D10173-120124,성균관대학교(기계공학부),,NX10,Research,,Single 50µm,Standard,Accurion i4,,,AE203,approved,2026-01-19 05:58:59,350,2024-03-25,,
U160025-041023,Qorvo (Thomas Russel),,NX-Wafer,Industrial,,Dual 100µm,Auto Align Long,Dual MOD 6 units,50mm,SiC Pin Bar type chuck,Double Walled,approved,2026-01-19 05:58:59,349,2024-03-25,,
C26005-040823,SMSC (SMIC Shanghai Mask shop),,NX-Mask,Industrial,,,TSH 50µm,Dual MOD 8 units,,Mask,Isolated,approved,2026-01-19 05:58:59,348,2024-03-28,,
U10084-050124,University of Washington,,NX10,Research,,Single 100µm,Standard,Accurion i4,,,AE203,approved,2026-01-19 05:58:59,347,2024-03-29,,
D160025-230523,Samsung Display A1,,NX-Wafer,Industrial,,Dual 100µm(300mm),Auto Align Standard,Dual MOD 8 units,,SiC Anti-warpage chuck,Isolated,approved,2026-01-19 05:58:59,346,2024-03-29,,
,"International Iberian Nanotechnology Laboratory (INL), in Braga (PSE) #1",,FX40,Research,,Single 100µm,FX Standard,Accurion i4,,,FX40AE,approved,2026-01-19 05:58:59,345,2024-04-05,,
U23012-091023,University of Delaware(Rachel),,NX12,Research,,Single 100µm,Standard,Accurion i4 medium,,,AE204,approved,2026-01-19 05:58:59,344,2024-04-05,,
U30003-240124,Southern Illinois University(Shamsi),,NX7,Research,,Single 50µm,Standard,Accurion i4,,,AE101,approved,2026-01-19 05:58:59,343,2024-04-08,,
,SUSS MicroTec Solutions GmbH & Co.KG,,NX20,Research,,Dual 100µm(300mm),Standard,Dual MOD 6 units,,Vacuum Sample Chuck,AE402,approved,2026-01-19 05:58:59,342,2024-04-09,,
,Jiangsu Jixin Advance Materials,,NX20,Research,,Dual 100µm,Standard,Dual MOD 4 units,,Vacuum Sample Chuck,AE202,approved,2026-01-19 05:58:59,341,2024-04-11,,
P150002-260523,"HK SAE co.,ltd",,NX20,Research,,Dual 100µm,Standard,Dual MOD 4 units,,Vacuum Sample Chuck,AE401,approved,2026-01-19 05:58:59,340,2024-04-19,,
,IQS Nanoptiqs,,NX20,Research,,Dual 100µm,Long,Single MOD 2 units,,Vacuum Sample Chuck,AE202,approved,2026-01-19 05:58:59,339,2024-04-24,,
,University of Illinois at Urbana Champaign,,NX20 Lite,Research,,Single 100µm,Standard,Accurion i4,,Vacuum Sample Chuck,AE201,approved,2026-01-19 05:58:59,338,2024-04-24,,
C150123-011123,Shenzhen Pengjin High-Tech,,NX20,Research,,Dual 100µm,Standard,Single MOD 2 units,,Vacuum Sample Chuck,AE202,approved,2026-01-19 05:58:59,337,2024-04-25,,
,Aixtron SE,,NX-Wafer,Industrial,,Dual 100µm(300mm),Auto Align Standard,Dual MOD 8 units,,AL Bar type chuck,Double Walled,approved,2026-01-19 05:58:59,336,2024-04-25,,
,"Runpeng Semiconductor (Shenzhen) Co., LTD.",,NX-Wafer,Industrial,,Dual 100µm(300mm),Auto Align Standard,Dual MOD 8 units,50mm,AL Bar type chuck,Double Walled,approved,2026-01-19 05:58:59,335,2024-04-26,,
,"International Iberian Nanotechnology Laboratory (INL), in Braga (PSE) #2",,FX40,Research,,Single 100µm,FX Standard,Accurion i4,,,FX40AE,approved,2026-01-19 05:58:59,334,2024-04-29,,
,SMSC TD,,NX-Hybrid WLI,Industrial,,Dual 100µm(300mm),Auto Align Standard,Dual MOD 8 units,50mm,SiC Pin Bar type chuck,Isolated,approved,2026-01-19 05:58:59,333,2024-04-30,,
,Xinxing Jihua (Shanghai) Engneering Science and Technology Research Institute,,NX7,Research,,Single 100µm,Standard,Accurion Nano30,,,AE101,approved,2026-01-19 05:58:59,330,2024-05-07,,
PL30001-290224,Technolutions,,NX10,Research,,Single 50µm,Standard,Accurion i4,,,AE203,approved,2026-01-19 05:58:59,332,2024-05-07,,
,Park Systems Europe GmbH (PSE)_NX20,,NX20,Research,,Dual 100µm,Standard,Dual MOD 4 units,,Vacuum Sample Chuck,AE401,approved,2026-01-19 05:58:59,331,2024-05-07,,
,Cenimat (Tomas),,FX40,Research,,Single 100µm,FX Standard,Accurion i4,,,FX40AE,approved,2026-01-19 05:58:59,329,2024-05-08,,
,충남테크노파크-디스플레이센터,,NX10,Research,,Single 50µm,Standard,Accurion i4,,,AE203,approved,2026-01-19 05:58:59,328,2024-05-08,,
U150048-130224,"University of Texas, Arlington",,NX20,Research,,Dual 100µm,Standard,Single MOD 2 units,,Vacuum Sample Chuck,AE202,approved,2026-01-19 05:58:59,327,2024-05-08,,
,Park Systems China_Beijing(Demo 장비),,FX40,Research,,Single 100µm,FX Standard,Accurion i4,,,FX40AE,approved,2026-01-19 05:58:59,326,2024-05-09,,
,Park Systems Inc. (PSI),,NX20,Research,,Dual 100µm,Standard,Single MOD 2 units,,Vacuum Sample Chuck,AE202,approved,2026-01-19 05:58:59,325,2024-05-09,,
D280013-271123,삼성전자 파운드리 분석기술팀,,FX40,Research,,Single 100µm,FX Standard,Accurion i4,,,FX40AE,approved,2026-01-19 05:58:59,324,2024-05-16,,
,Getinge Atrium Medical(Dao),,FX40,Research,,Single 100µm,FX Standard,Accurion i4,,,FX40AE,approved,2026-01-19 05:58:59,323,2024-05-17,,
,"NAURA, Beijing",,NX-Wafer,Industrial,,Dual 100µm(300mm),Auto Align Standard,Dual MOD 8 units,50mm,SiC Bar type chuck,Isolated,approved,2026-01-19 05:58:59,322,2024-05-20,,
,Jiangsu Leadmicro,,NX20,Research,,Dual 100µm,Standard,Dual MOD 4 units,,Vacuum Sample Chuck,AE202,approved,2026-01-19 05:58:59,321,2024-05-22,,
C150124-081123,Linton Kayex Technology,,NX20,Research,,Dual 100µm,Standard,Dual MOD 4 units,,Vacuum Sample Chuck,AE202,approved,2026-01-19 05:58:59,320,2024-05-22,,
,CXT #5,,NX-Wafer,Industrial,,Dual 100µm(300mm),Auto Align Standard,Dual MOD 8 units,50mm,SiC Bar type chuck,Double Walled,approved,2026-01-19 05:58:59,319,2024-05-24,,
,"National Research Council of Italy, Bari (CNR-IFN, Di Franco)",,NX10,Research,,Single 100µm,Standard,Accurion i4,,,AE203,approved,2026-01-19 05:58:59,318,2024-05-30,,
D10176-250324,한국표준과학연구원,,NX10,Research,,Single 50µm,Standard,Accurion i4,,,AE203,approved,2026-01-19 05:58:59,317,2024-05-30,,
S160007-071223,Siltronic Singapore,,NX-Wafer,Industrial,,Dual 100µm(300mm),Auto Align Standard,Dual MOD 8 units,,AL Bar type chuck,Double Walled,approved,2026-01-19 05:58:59,316,2024-05-31,,
,University of Texas (Austin),,NX10,Research,,Single 50µm,Standard,Accurion i4,,,AE203,approved,2026-01-19 05:58:59,315,2024-06-05,,
,GRG Test Group,,NX10,Research,,Single 100µm,Long,Accurion i4,,,AE203,approved,2026-01-19 05:58:59,314,2024-06-05,,
,University of Electronic Science and Technology of China_NX7,,NX7,Research,,Single 50µm,Standard,Minus-K,,,AE101,approved,2026-01-19 05:58:59,313,2024-06-05,,
,Chongqing San'an Semiconductor,,NX20,Research,,Dual 100µm,Standard,Dual MOD 4 units,,Vacuum Sample Chuck,AE202,approved,2026-01-19 05:58:59,312,2024-06-11,,
,서울과학기술대학교,,NX7,Research,,Single 50µm,Standard,Accurion i4,,,AE101,approved,2026-01-19 05:58:59,311,2024-06-14,,
,PSCN Guangzhou Demo,,NX20,Research,,Dual 100µm,Standard,Dual MOD 4 units,,Vacuum Sample Chuck,AE202,approved,2026-01-19 05:58:59,310,2024-06-14,,
,TSMC F20 #1 (Hsinchu),,NX-Wafer,Industrial,,Dual 100µm(300mm),Auto Align Standard,Dual MOD 8 units,50mm,SiC Fork type chuck,Double Walled,approved,2026-01-19 05:58:59,309,2024-06-17,,
C150131-110324,Sanya Research Institute of Hainan University,,NX20,Research,,Dual 100µm,Standard,Dual MOD 4 units,,Vacuum Sample Chuck,AE202,approved,2026-01-19 05:58:59,308,2024-06-18,,
C10088-040124,Tsinghua University,,NX10,Research,,Single 100µm,Standard,Accurion i4,,,AE203,approved,2026-01-19 05:58:59,307,2024-06-20,,
,Park Systems Inc. (PSI) SID No. - U10086-170424,,NX10,Research,,Single 100µm,Standard,Accurion i4,,,AE203,approved,2026-01-19 05:58:59,305,2024-06-21,,
,Park Systems Inc. (PSI) SID No. - U34002-300424,,FX200,Research,,Dual 100µm,FX Standard,Dual MOD 6 units,,Vacuum Sample Chuck,FX200 AE,approved,2026-01-19 05:58:59,306,2024-06-21,,
C160081-171123,Guangzhou Zen Semiconductor Corporation,,NX-Wafer,Industrial,,Dual 100µm(300mm),Auto Align Standard,Dual MOD 8 units,50mm,SiC Bar type chuck,Double Walled,approved,2026-01-19 05:58:59,304,2024-06-24,,
C150129-200224,"Konfoong Materials International Co., Ltd.",,NX20,Research,,Dual 100µm,Standard,Dual MOD 4 units,,Vacuum Sample Chuck,AE202,approved,2026-01-19 05:58:59,303,2024-06-25,,
,"National Research Council, Institute for microelectronics and microsystems (CNR IMM, Giannazzo) (Gembetti)",,NX-Hivac,Research,,Single 50µm,NX-Hivac Auto Align,Single MOD 2 units,,,Chamber,approved,2026-01-19 05:58:59,302,2024-06-25,,
,Qorvo #2(Thomas Russel),,NX-Wafer,Industrial,,Dual 100µm,Auto Align Long,Dual MOD 6 units,50mm,SiC Bar type chuck,Double Walled,approved,2026-01-19 05:58:59,301,2024-06-26,,
C160070-170223,Rong Semiconductor (Huaian) Corporation,,NX-Wafer,Industrial,,Dual 100µm(300mm),Auto Align Standard,Dual MOD 8 units,50mm,SiC Bar type chuck,Double Walled,approved,2026-01-19 05:58:59,300,2024-06-27,,
D10177-080524,"한국폴리텍대학교(안성, 나노측정과)",,NX10,Research,,Single 50µm,Standard,Accurion i4,,,AE203,approved,2026-01-19 05:58:59,298,2024-06-27,,
T160039-291223,TSMC F20 #2 (Hsinchu),,NX-Wafer,Industrial,,Dual 100µm(300mm),Auto Align Standard,Dual MOD 8 units,50mm,SiC Fork type chuck,Double Walled,approved,2026-01-19 05:58:59,299,2024-06-27,,
T160040-080124,TSMC F20 #3 (Hsinchu),,NX-Wafer,Industrial,,Dual 100µm(300mm),Auto Align Standard,Dual MOD 8 units,50mm,SiC Fork type chuck,Double Walled,approved,2026-01-19 05:58:59,297,2024-06-28,,
,University of Bath (Prof. Kamal),,NX10,Research,,Single 50µm,Standard,Accurion i4,,,AE101,approved,2026-01-19 05:58:59,296,2024-06-28,,
D150024-080524,에이앤아이,,NX20,Research,,Dual 100µm(300mm),Standard,Dual MOD 6 units,,Vacuum Sample Chuck,AE402,approved,2026-01-19 05:58:59,295,2024-06-28,,
,"Kyocera SLD Laser, Inc",,NX20,Research,,Dual 100µm,Standard,Dual MOD 4 units,,Vacuum Sample Chuck,AE202,approved,2026-01-19 05:58:59,294,2024-06-28,,
,"Sanan ST-Microelectronics Co., Ltd",,NX20,Research,,Dual 100µm,Standard,Dual MOD 4 units,,Vacuum Sample Chuck,AE202,approved,2026-01-19 05:58:59,292,2024-07-09,,
D23006-290124,충남대학교 분석과학기술대학원,,NX12,Research,,Single 100µm,Standard,Accurion i4 medium,,,AE204,approved,2026-01-19 05:58:59,293,2024-07-09,,
,엘티씨에이엠㈜,,NX20,Research,,Dual 100µm(300mm),Standard,Dual MOD 6 units,,Vacuum Sample Chuck,AE402,approved,2026-01-19 05:58:59,291,2024-07-11,,
C160086-200224,Huahong Chengdu,,NX-Wafer,Industrial,,Dual 100µm(300mm),Standard,Dual MOD 7 units,50mm,SiC Anti-warpage chuck,Double Walled,approved,2026-01-19 05:58:59,289,2024-07-12,,
G160012-271223,Bosch,,NX-Wafer,Industrial,,Dual 100µm,Auto Align Standard,Dual MOD 6 units,,SiC Bar type chuck,Double Walled,approved,2026-01-19 05:58:59,288,2024-07-12,,
U27003-260324,Intel Hillsboro#2,,NX-Hybrid WLI,Industrial,,Dual 100µm(300mm),Standard,Dual MOD 8 units,50mm,SiC Anti-warpage chuck,Isolated,approved,2026-01-19 05:58:59,290,2024-07-12,,
,"Hunan San'an Semiconductor Co., Ltd",,NX20,Research,,Dual 100µm,Standard,Dual MOD 4 units,,Vacuum Sample Chuck,AE202,approved,2026-01-19 05:58:59,287,2024-07-18,,
D10178-080524,목포해양대학교 기관시스템공학부,,NX10,Research,,Single 50µm,Standard,Accurion i4,,,AE203,approved,2026-01-19 05:58:59,286,2024-07-19,,
,Park Systems Inc. (PSI) SID No. - U28009-180424,,FX40,Research,,Single 100µm,FX Standard,Accurion i4,,,FX40AE,approved,2026-01-19 05:58:59,285,2024-07-25,,
,Henan Academy of Sciences,,NX10,Research,,Single 100µm,Standard,Accurion i4,,,AE203,approved,2026-01-19 05:58:59,284,2024-07-25,,
F150008-300623,Park Systems Europe GmbH (PSE),,FX200,Research,,Dual 100µm,FX Standard,Dual MOD 6 units,,Vacuum Sample Chuck,FX200 AE,approved,2026-01-19 05:58:59,283,2024-07-26,,
,Park Systems Japan (PSJ) SID No. J34003-220524,,FX200,Research,,Dual 100µm,FX Standard,Dual MOD 6 units,,Vacuum Sample Chuck,FX200 AE,approved,2026-01-19 05:58:59,282,2024-07-26,,
,ATC(Demoroom),,NX-Wafer,Industrial,,Dual 100µm(300mm),Standard,Dual MOD 8 units,50mm,SiC Anti-warpage chuck,Isolated,approved,2026-01-19 05:58:59,281,2024-07-30,,
,"Sincere International Trade Co., Ltd",,NX-Hivac,Research,,Single 50µm,NX-Hivac Auto Align,Single MOD 2 units,,,Chamber,approved,2026-01-19 05:58:59,280,2024-07-31,,
J23001-230524,Osaka University,,NX12,Research,,Single 100µm,Standard,Accurion i4 medium,,,AE204,approved,2026-01-19 05:58:59,279,2024-08-02,,
,"Jiangsu Hi-print Technology Co., Ltd",,NX20,Research,,Dual 100µm,Standard,Dual MOD 4 units,,Vacuum Sample Chuck,AE202,approved,2026-01-19 05:58:59,278,2024-08-02,,
,University of Limerick,,NX10,Research,,Single 50µm,Standard,Accurion i4,,,AE203,approved,2026-01-19 05:58:59,277,2024-08-05,,
,"Indian Institute of Technology Madras, Chennai (IIT Madras)",,FX40,Research,,Single 100µm,FX Standard,Accurion i4,,,FX40AE,approved,2026-01-19 05:58:59,276,2024-08-06,,
,Optotransmitter-Umweltzschutz Technology (OUT),,NX7,Research,,Single 50µm,Standard,Accurion Nano30,,,AE101,approved,2026-01-19 05:58:59,273,2024-08-08,,
,University of Toronto(De La Barrera),,NX7,Research,,Single 100µm,Standard,Accurion Nano30,,,AE101,approved,2026-01-19 05:58:59,272,2024-08-08,,
,University of Limerick (PSE),,NX10,Research,,Single 50µm,Standard,Accurion i4,,,AE203,approved,2026-01-19 05:58:59,274,2024-08-08,,
,목포해양대학교,,NX10,Research,,Single 50µm,Standard,Accurion i4,,,AE203,approved,2026-01-19 05:58:59,275,2024-08-08,,
,Suzhou Xiangcheng Industrial Technology Research Institute,,NX20,Research,,Dual 100µm,Standard,Single MOD 2 units,,Vacuum Sample Chuck,AE202,approved,2026-01-19 05:58:59,271,2024-08-09,,
U160029-080324,Global Wafers America,,NX-Wafer,Industrial,,Dual 100µm(300mm),Auto Align Standard,Dual MOD 7 units,50mm,SiC Bar type chuck,Double Walled,approved,2026-01-19 05:58:59,270,2024-08-12,,
J30006-270624,Tokyo Metropolitan University,,NX7,Research,,Single 50µm,Standard,Accurion i4,,,AE101,approved,2026-01-19 05:58:59,269,2024-08-14,,
D10175-110324,서울대학교 화학생물공학부,,NX10,Research,,Single 50µm,Standard,Accurion i4,,,Glove Box,approved,2026-01-19 05:58:59,268,2024-08-16,,
RO150001-120624,"Alba Iulia University, Romania",,NX20,Research,,Dual 100µm,Standard,Single MOD 2 units,,Vacuum Sample Chuck,AE202,approved,2026-01-19 05:58:59,267,2024-08-20,,
D10181-310524,한양대학교 화학과,,NX10,Research,,Single 50µm,Standard,Accurion i4,,,AE203,approved,2026-01-19 05:58:59,266,2024-08-20,,
C10090-010424,Shandong University,,NX10,Research,,Single 100µm,Standard,Accurion i4,,,AE203,approved,2026-01-19 05:58:59,265,2024-08-20,,
,University of Nevada(Ben King),,NX7,Research,,Single 50µm,Standard,Accurion Nano30,,,AE101,approved,2026-01-19 05:58:59,264,2024-08-21,,
,University of Arkansas (Hugh Churchill),,FX40,Research,,Single 100µm,FX Standard,Accurion i4,,,FX40AE,approved,2026-01-19 05:58:59,261,2024-08-23,,
D30019-210524,서강대학교 물리학과,,NX7,Research,,Single 50µm,Standard,Accurion Nano30,,,AE101,approved,2026-01-19 05:58:59,262,2024-08-23,,
,서강대학교_물리학과,,NX7,Research,,Single 50µm,Standard,Accurion Nano30,,,AE101,approved,2026-01-19 05:58:59,263,2024-08-23,,
,Hauhong Wuxi #4,,NX-Wafer,Industrial,,Dual 100µm(300mm),Standard,Dual MOD 7 units,50mm,SiC Anti-warpage chuck,Double Walled,approved,2026-01-19 05:58:59,260,2024-08-28,,
,TSMC F20 EBO,,NX-Mask,Industrial,,,TSH 50µm,Dual MOD 8 units,,Mask,Isolated,approved,2026-01-19 05:58:59,259,2024-08-28,,
U160027-260224,Dupont US,,NX-Wafer,Industrial,,Dual 100µm(300mm),Auto Align Standard,Dual MOD 8 units,50mm,SiC Bar type chuck,Isolated,approved,2026-01-19 05:58:59,258,2024-08-28,,
D280017-290724,주성엔지니어링,,FX40,Research,,Single 100µm,FX Standard,Mini450F,,,FX40AE,approved,2026-01-19 05:58:59,257,2024-08-28,,
I23001-280923,University of Bologna,,NX12,Research,,Single 100µm,Standard,Accurion i4 medium,,,AE204,approved,2026-01-19 05:58:59,256,2024-08-29,,
,Hunan San'an Semiconductor,,NX20,Research,,Dual 100µm,Standard,Dual MOD 4 units,,Vacuum Sample Chuck,AE202,approved,2026-01-19 05:58:59,254,2024-08-30,,
D160027-060324,Samsung LED,,NX-Wafer,Industrial,,Dual 100µm(300mm),Standard,Dual MOD 8 units,50mm,SiC Anti-warpage chuck,Isolated,approved,2026-01-19 05:58:59,255,2024-08-30,,
,고려대학교 융합에너지공학과,,NX10,Research,,Single 50µm,Standard,Accurion i4,,,AE203,approved,2026-01-19 05:58:59,253,2024-09-02,,
I10015-070624,"Polimi, Italy",,NX10,Research,,Single 100µm,Standard,Accurion i4,,,AE203,approved,2026-01-19 05:58:59,252,2024-09-02,,
,TSMC AP3 RD,,NX-TSH,Industrial,,,TSH 100µm,Dual MOD 6 units,,Coreflow customized,Isolated,approved,2026-01-19 05:58:59,251,2024-09-03,,
J30007-280624,Hirosaki University,,NX7,Research,,Single 50µm,Standard,Accurion Nano30,,,AE203,approved,2026-01-19 05:58:59,250,2024-09-03,,
,San'an-ST Microelectronics,,NX20,Research,,Dual 100µm,Standard,Dual MOD 4 units,,Vacuum Sample Chuck,AE202,approved,2026-01-19 05:58:59,249,2024-09-06,,
,Alba Lulia University (SchaeferSE),,NX20,Research,,Dual 100µm,Standard,Single MOD 2 units,,Vacuum Sample Chuck,AE202,approved,2026-01-19 05:58:59,248,2024-09-09,,
,Sant'Anna Pisa (Poliziani),,NX12,Research,,Single 100µm,Standard,Accurion i4 medium,,,AE204,approved,2026-01-19 05:58:59,247,2024-09-09,,
,Zhejiang University_Physics,,NX10,Research,,Single 100µm,Standard,Accurion i4,,,AE101,approved,2026-01-19 05:58:59,246,2024-09-10,,
,Suzhou Institute of Nano-Tech and Nano-Bionics(SINANO),,NX10,Research,,Single 100µm,Standard,Accurion i4,,,AE203,approved,2026-01-19 05:58:59,245,2024-09-10,,
GR22001-200524,"INN Demokritos, (El Sachat)",,NX-Hivac,Research,,Single 50µm,NX-Hivac Auto Align,Single MOD 2 units,,,Chamber,approved,2026-01-19 05:58:59,243,2024-09-13,,
E150008-190624,"University of Cambridge (Ferrari), (PSE)",,NX20,Research,,Dual 100µm,Standard,Single MOD 2 units,,Vacuum Sample Chuck,AE202,approved,2026-01-19 05:58:59,244,2024-09-13,,
,Rolex (Dudon),,FX40,Research,,Single 100µm,Auto Align Standard,Accurion i4,,,FX40AE,approved,2026-01-19 05:58:59,242,2024-09-19,,
U10087-260624,Harvard University (Nocera),,NX10,Research,,Single 100µm,Standard,Accurion i4,,,AE203,approved,2026-01-19 05:58:59,241,2024-09-19,,
S10013-210624,National University of Singapore_IFIM(Institute for Functional Intelligent Materials),,NX10,Research,,Single 50µm,Standard,Accurion i4,,,AE203,approved,2026-01-19 05:58:59,240,2024-09-19,,
T160041-190424,Winbond,,NX-Wafer,Industrial,,Dual 100µm(300mm),Standard,Dual MOD 8 units,50mm,SiC Anti-warpage chuck,Isolated,approved,2026-01-19 05:58:59,239,2024-09-20,,
C32014-120624,Xiamen Silan Advanced Compound Semiconductor,,NX20 Lite,Research,,Single 100µm,Standard,Accurion i4 medium,,Vacuum Sample Chuck,AE201,approved,2026-01-19 05:58:59,238,2024-09-20,,
C31004-290324,Wuhan Epiflag,,NX15,Research,,Single 100µm,Standard,Accurion i4 medium,,Vacuum Sample Chuck,AE201,approved,2026-01-19 05:58:59,237,2024-09-23,,
,Institute of Condensed Matter Chemistry and Technologies for Energy (ICMATE),,NX10,Research,,Single 50µm,Standard,Accurion i4,,,AE203,approved,2026-01-19 05:58:59,236,2024-09-23,,
,Qorvo #3,,NX-Wafer,Industrial,,Dual 100µm(300mm),Auto Align Long,Dual MOD 6 units,50mm,SiC Bar type chuck,Double Walled,approved,2026-01-19 05:58:59,235,2024-09-25,,
D10183-260624,DGIST,,NX10,Research,,Single 50µm,Standard,Accurion i4,,,AE203,approved,2026-01-19 05:58:59,233,2024-09-26,,
J160025-020424,TSMC F23(Kumamoto),,NX-Wafer,Industrial,,Dual 100µm(300mm),Standard,Dual MOD 7 units,50mm,SiC Fork type chuck,Double Walled,approved,2026-01-19 05:58:59,234,2024-09-26,,
,ITB Indonesia,,FX40,Research,,Single 100µm,Auto Align Standard,Accurion i4,,,FX40AE,approved,2026-01-19 05:58:59,232,2024-09-27,,
J30005-240624,Nagoya University(Prof.Taniyama),,NX7,Research,,Single 50µm,Standard,Accurion Nano30,,,AE203,approved,2026-01-19 05:58:59,231,2024-09-30,,
U28011-020924,Stanford University,,FX40,Research,,Single 100µm,Auto Align Standard,Mini450F,,,FX40AE,approved,2026-01-19 05:58:59,230,2024-10-02,,
G30003-080824,Technical University of Dresden (Niese),,NX7,Research,,Single 100µm,Standard,Accurion Nano30,,,AE101,approved,2026-01-19 05:58:59,229,2024-10-02,,
U10089-160724,University of the District of Columbia,,NX10,Research,,Single 100µm,Standard,Accurion i4,,,AE101,approved,2026-01-19 05:58:59,228,2024-10-04,,
C26006-101123,heguang photomask,,NX-Mask,Industrial,,,TSH 50µm,Dual MOD 8 units,,Mask,Isolated,approved,2026-01-19 05:58:59,227,2024-10-07,,
,Quanzhou San'an Semiconductor(2),,NX-HDM,Industrial,,Dual 100µm(300mm),Auto Align Standard,Dual MOD 6 units,,AL Bar type chuck,,approved,2026-01-19 05:58:59,226,2024-10-10,,
U10088-080724,Genomics,,NX10,Research,,Single 50µm,Standard,Accurion i4,,,AE203,approved,2026-01-19 05:58:59,225,2024-10-10,,
,SJ Semi Wuxi,,NX-Wafer,Industrial,,Dual 100µm(300mm),Auto Align Standard,Dual MOD 8 units,50mm,SiC Anti-warpage chuck,Isolated,approved,2026-01-19 05:58:59,224,2024-10-15,,
,안동대학교_공동실험실습관,,FX40,Research,,Single 100µm,Auto Align Standard,Mini450F,,,FX40AE,approved,2026-01-19 05:58:59,223,2024-10-16,,
T150013-310724,Kanto Chemical,,NX20,Research,,Dual 100µm,Standard,Single MOD 2 units,,Vacuum Sample Chuck,AE202,approved,2026-01-19 05:58:59,222,2024-10-18,,
,고려기연,,NX10,Research,,Single 50µm,Standard,Accurion i4,,,AE203,approved,2026-01-19 05:58:59,221,2024-10-22,,
,금오공과대학교_공동실험실습관,,FX40,Research,,Single 100µm,Auto Align Standard,Mini450F,,,FX40AE,approved,2026-01-19 05:58:59,220,2024-10-23,,
C150135-290424,Shenzhen Technology University,,NX20,Research,,Dual 100µm,Standard,Single MOD 2 units,,Vacuum Sample Chuck,AE202,approved,2026-01-19 05:58:59,219,2024-10-23,,
,Black Semiconductor GmbH,,NX20,Research,,Dual 100µm,Standard,Single MOD 2 units,,Vacuum Sample Chuck,AE202,approved,2026-01-19 05:58:59,218,2024-10-23,,
,Arizona State University (Umberto Celano),,NX-Hivac,Research,,Single 50µm,NX-Hivac Auto Align,Single MOD 2 units,,,Chamber,approved,2026-01-19 05:58:59,217,2024-10-23,,
,NUS CA2DM,,NX20,Research,,Dual 100µm,Standard,Single MOD 2 units,,Vacuum Sample Chuck,AE202,approved,2026-01-19 05:58:59,216,2024-10-24,,
,Hsingchen Technology,,NX-Wafer,Industrial,,Dual 100µm(300mm),Auto Align Standard,Dual MOD 8 units,50mm,SiC Anti-warpage chuck,Isolated,approved,2026-01-19 05:58:59,215,2024-10-25,,
,Huawei Technologies,,NX-Wafer,Industrial,,Dual 100µm(300mm),Auto Align Standard,Dual MOD 7 units,50mm,SiC Pin Bar type chuck,Double Walled,approved,2026-01-19 05:58:59,214,2024-10-26,,
,한양대학교_화학과,,NX10,Research,,Single 50µm,Standard,Accurion i4,,,AE203,approved,2026-01-19 05:58:59,211,2024-10-28,,
,Nanyang Technological University_CEE,,NX10,Research,,Single 50µm,Standard,Accurion i4,,,AE101,approved,2026-01-19 05:58:59,213,2024-10-28,,
,Park Systems Singapore(PSS) SID No. S10014-280624,,NX10,Research,,Single 50µm,Standard,Accurion i4,,,AE101,approved,2026-01-19 05:58:59,212,2024-10-28,,
,강원대학교_물리학과,,FX40,Research,,Single 100µm,Auto Align Standard,Mini450F,,,FX40AE,approved,2026-01-19 05:58:59,210,2024-10-30,,
,Dongguan Guangmao Technology,,NX-Wafer,Industrial,,Dual 100µm(300mm),Standard,Dual MOD 7 units,50mm,SiC Anti-warpage chuck,Double Walled,approved,2026-01-19 05:58:59,209,2024-11-01,,
,Hauhong Wuxi #5,,NX-Wafer,Industrial,,Dual 100µm(300mm),Auto Align Standard,Dual MOD 7 units,50mm,SiC Anti-warpage chuck,Double Walled,approved,2026-01-19 05:58:59,208,2024-11-01,,
C10093-160724,Zhejiang Sci-Tech University,,NX10,Research,,Single 50µm,Standard,Accurion i4,,,AE203,approved,2026-01-19 05:58:59,207,2024-11-04,,
,Istanbul Technology University (ITU),,NX10,Research,,Single 50µm,Standard,Accurion i4,,,AE203,approved,2026-01-19 05:58:59,206,2024-11-08,,
,Indian Institute of Technology-HYD,,NX-Hivac,Research,,Single 50µm,NX-Hivac Auto Align,Single MOD 2 units,,,Chamber,approved,2026-01-19 05:58:59,205,2024-11-08,,
,충남대학교_기계공학부,,NX7,Research,,Single 50µm,Standard,Accurion Nano30,,,AE101,approved,2026-01-19 05:58:59,204,2024-11-13,,
,"Politehnica University of Bucharest (UPB, CSSNT)",,NX20,Research,,Dual 100µm(300mm),Standard,Dual MOD 6 units,,Vacuum Sample Chuck,AE402,approved,2026-01-19 05:58:59,203,2024-11-14,,
C160092-290424,BYD Chengdu,,NX-Wafer,Industrial,,Dual 100µm(300mm),Auto Align Standard,Dual MOD 7 units,50mm,SiC Anti-warpage chuck,Double Walled,approved,2026-01-19 05:58:59,202,2024-11-18,,
,HuaHong Semiconductor Manufacturing Wuxi (HHSW),,NX20,Research,,Dual 100µm,Standard,Dual MOD 4 units,,Vacuum Sample Chuck,AE202,approved,2026-01-19 05:58:59,201,2024-11-19,,
,전남대학교_고분자융합소재공학부,,NX20,Research,,Dual 100µm,Standard,Single MOD 2 units,,Vacuum Sample Chuck,AE202,approved,2026-01-19 05:58:59,200,2024-11-20,,
,"Charles University Prague, (CU Prague. Rejhon)",,NX10,Research,,Single 50µm,Standard,Accurion i4,,,AE203,approved,2026-01-19 05:58:59,199,2024-11-21,,
,"Crystaland Co.,Ltd.",,NX15,Research,,Single 100µm,Standard,Accurion i4 medium,,Vacuum Sample Chuck,AE201,approved,2026-01-19 05:58:59,198,2024-11-25,,
,NVIDIA (Chuan Zhang),,NX-Hivac,Research,,Single 50µm,NX-Hivac Auto Align,Single MOD 2 units,,,Chamber,approved,2026-01-19 05:58:59,197,2024-12-02,,
,University of Shanghai for Science and Technology_College of Optoelectronics,,NX20 Lite,Research,,Single 100µm,Standard,Accurion i4 medium,,Vacuum Sample Chuck,AE201,approved,2026-01-19 05:58:59,195,2024-12-06,,
J160026-120624,JSR Corp.,,NX-Wafer Basic,Industrial,,Dual 100µm(300mm),Auto Align Standard,Dual MOD 7 units,10mm,SiC Anti-warpage chuck,Double Walled,approved,2026-01-19 05:58:59,196,2024-12-06,,
,CXT #9,,NX-Wafer,Industrial,,Dual 100µm(300mm),Auto Align Standard,Dual MOD 8 units,50mm,SiC Anti-warpage chuck,Double Walled,approved,2026-01-19 05:58:59,193,2024-12-10,,
,CXT #8,,NX-Wafer,Industrial,,Dual 100µm(300mm),Auto Align Standard,Dual MOD 8 units,50mm,SiC Anti-warpage chuck,Double Walled,approved,2026-01-19 05:58:59,194,2024-12-10,,
J150017-260924,Omron,,NX20,Research,,Dual 100µm,Standard,Dual MOD 4 units,,Vacuum Sample Chuck,AE202,approved,2026-01-19 05:58:59,192,2024-12-12,,
G160011-260923,Fraunhofer IPMS Dresden,,NX-Wafer,Industrial,,Dual 100µm(300mm),Auto Align Standard,Single MOD 6 units,50mm,SiC Flat type chuck,Double Walled,approved,2026-01-19 05:58:59,190,2024-12-13,,
,EVGroup,,NX-Wafer,Industrial,,Dual 100µm(300mm),Auto Align Standard,Dual MOD 8 units,50mm,SiC Bar type chuck,Isolated,approved,2026-01-19 05:58:59,191,2024-12-13,,
,University of Bologna (Graziosi) (Gembetti),,NX12,Research,,Single 100µm,Standard,Accurion i4 medium,,,AE204,approved,2026-01-19 05:58:59,189,2024-12-16,,
,인하대학교_물리학과,,NX10,Research,,Single 100µm,Standard,Accurion i4,,,AE203,approved,2026-01-19 05:58:59,188,2024-12-17,,
,서강대학교_화공생명공학과,,NX10,Research,,Single 50µm,Standard,Accurion i4,,,AE203,approved,2026-01-19 05:58:59,187,2024-12-19,,
T25004-160624,TSMC AP2 Mini Line #2,,NX-TSH,Industrial,,,TSH 100µm,Dual MOD 6 units,,Coreflow customized,Isolated,approved,2026-01-19 05:58:59,186,2024-12-20,,
,Micron F16(3) (Taiwan),,NX-Wafer,Industrial,,Dual 100µm(300mm),Auto Align Standard,Dual MOD 8 units,50mm,SiC Anti-warpage chuck,Isolated,approved,2026-01-19 05:58:59,185,2024-12-23,,
,순천향대학교_디스플레이신소재공학과,,NX7,Research,,Single 50µm,Standard,Accurion Nano30,,,AE101,approved,2026-01-19 05:58:59,184,2024-12-23,,
,NASA Kennedy Space Center KSC,,NX-Hivac,Research,,Single 100µm,NX-Hivac Auto Align,Single MOD 2 units,,,Chamber,approved,2026-01-19 05:58:59,183,2024-12-23,,
C31007-300824,Fudan University,,NX15,Research,,Single 100µm,Standard,Accurion i4 medium,,Vacuum Sample Chuck,AE201,approved,2026-01-19 05:58:59,182,2024-12-23,,
,Shenzhen JWKW (NX-HDM),,NX-HDM,Industrial,,Dual 100µm(300mm),Auto Align Standard,Dual MOD 6 units,,AL Bar type chuck,,approved,2026-01-19 05:58:59,181,2024-12-24,,
C160095-300724,Shenzhen JWICW #1,,NX-Wafer,Industrial,,Dual 100µm(300mm),Auto Align Standard,Dual MOD 6 units,10mm,SiC Anti-warpage chuck,Double Walled,approved,2026-01-19 05:58:59,180,2024-12-24,,
,Shenzhen JWKW(2),,NX-Wafer,Industrial,,Dual 100µm(300mm),Auto Align Standard,Dual MOD 6 units,,SiC Bar type chuck,Double Walled,approved,2026-01-19 05:58:59,179,2024-12-24,,
C160091-290424,Huahong Wuxi #6,,NX-Wafer Basic,Industrial,,Dual 100µm(300mm),Auto Align Standard,Dual MOD 7 units,50mm,SiC Anti-warpage chuck,Double Walled,approved,2026-01-19 05:58:59,178,2024-12-27,,
,Shenzhen Jingweikaiwu Instruments,,NX20,Research,,Dual 100µm,Standard,Dual MOD 4 units,,Vacuum Sample Chuck,AE202,approved,2026-01-19 05:58:59,177,2024-12-27,,
,Samsung (SEC) NRD-K (Flash),,NX-Wafer,Industrial,,Dual 100µm(300mm),Auto Align Standard,Dual MOD 8 units,50mm,SiC Anti-warpage chuck,Isolated,approved,2026-01-19 05:58:59,176,2024-12-30,,
C30007-290824,Shanghai Polytechnic University,,NX7,Research,,Single 50µm,Standard,Accurion i4,,,AE101,approved,2026-01-19 05:58:59,175,2024-12-31,,
S10012-060623,UMC Singapore,,NX10,Research,,Single 50µm,Standard,Accurion i4,,,AE203,approved,2026-01-19 05:58:59,174,2025-01-03,,
,HEPIA,,NX7,Research,,Single 50µm,Standard,Accurion Nano30,,,AE101,approved,2026-01-19 05:58:59,173,2025-01-09,,
C24005-190924,Xuzhou Meixing OE Technology(NX-PSS),,NX-PSS,Industrial,,Dual 100µm(300mm),Auto Align Standard,Dual MOD 6 units,,AL Bar type chuck,,approved,2026-01-19 05:58:59,172,2025-01-10,,
,Xuzhou Meixing OE Technology,,NX-PSS,Industrial,,Dual 100µm,Standard,Single MOD 2 units,,AL Bar type chuck,Double Walled,approved,2026-01-19 05:58:59,171,2025-01-10,,
G10036-101224,Free University of Berlin,,NX10,Research,,Single 10µm,Standard,Accurion i4,,,AE203,approved,2026-01-19 05:58:59,170,2025-01-13,,
MY150002-091024,NILT Malaysia Sdn. Bhd.,,NX20,Research,,Dual 100µm,Standard,Single MOD 2 units,,Vacuum Sample Chuck,AE202,approved,2026-01-19 05:58:59,169,2025-01-13,,
C10096-061124,China Aluminum Science and Technology Research Institute,,NX10,Research,,Single 100µm,Standard,Accurion i4,,,AE203,approved,2026-01-19 05:58:59,168,2025-01-13,,
C23006-211024,Tianjin Medical University,,NX12,Research,,Single 100µm,Standard,Mini450F,,,AE204,approved,2026-01-19 05:58:59,167,2025-01-21,,
,TSMC AP2 Mini Line(3),,NX-TSH,Industrial,,,TSH 100µm,Dual MOD 6 units,,Coreflow customized,Isolated,approved,2026-01-19 05:58:59,166,2025-01-31,,
,TSMC AP2 Mini Line(3),,NX-TSH,Industrial,,,TSH 100µm,Dual MOD 6 units,,Coreflow customized,Isolated,approved,2026-01-19 05:58:59,165,2025-01-31,,
,PSE demo lab,,NX10,Research,,Single 50µm,Standard,Accurion i4,,,AE203,approved,2026-01-19 05:58:59,163,2025-02-03,,
D160028-160724,SK하이닉스 M11 (Flash),,NX-Wafer,Industrial,,Dual 100µm(300mm),Auto Align Standard,Dual MOD 8 units,50mm,SiC Anti-warpage chuck,Isolated,approved,2026-01-19 05:58:59,164,2025-02-03,,
U34003-130924,TIE Cerium Laboratories,,FX200,Research,,Dual 100µm,FX Standard,Dual MOD 6 units,,Vacuum Sample Chuck,FX200 AE,approved,2026-01-19 05:58:59,162,2025-02-05,,
G150036-121124,Innolume GmbH,,NX20,Research,,Dual 100µm,Standard,Single MOD 2 units,,Vacuum Sample Chuck,AE202,approved,2026-01-19 05:58:59,161,2025-02-07,,
D160031-300824,Samsung (SEC) NRD-K (DRAM),,NX-Wafer,Industrial,,Dual 100µm,Auto Align Standard,Dual MOD 8 units,50mm,SiC Anti-warpage chuck,Isolated,approved,2026-01-19 05:58:59,160,2025-02-11,,
BR30001-141124,Federal University of Minas Gerais,,NX7,Research,,Single 50µm,Standard,Accurion Nano30,,,AE101,approved,2026-01-19 05:58:59,159,2025-02-11,,
C150137-021024,Huntersun Huzhou,,NX20,Research,,Dual 100µm,Standard,Dual MOD 4 units,,Vacuum Sample Chuck,AE202,approved,2026-01-19 05:58:59,158,2025-02-12,,
,한양대학교_물리학과,,NX10,Research,,Single 50µm,Standard,Accurion i4,,,AE203,approved,2026-01-19 05:58:59,155,2025-02-13,,
G34002-030924,Bosch Reutilngen,,FX200,Research,,Dual 100µm,FX Standard,Dual MOD 6 units,,Vacuum Sample Chuck,FX200 AE,approved,2026-01-19 05:58:59,156,2025-02-13,,
I10019-181224,INRIM Torino,,NX10,Research,,Single 50µm,Standard,Accurion i4,,,AE101,approved,2026-01-19 05:58:59,157,2025-02-13,,
C10095-111024,Beijing Institute of Technology,,NX10,Research,,Single 100µm,Standard,Accurion i4,,,AE203,approved,2026-01-19 05:58:59,154,2025-02-14,,
,BEIJING YAN DONG MICROELECTRONIC,,NX20,Research,,Dual 100µm(300mm),Standard,Dual MOD 6 units,,Vacuum Sample Chuck,AE402,approved,2026-01-19 05:58:59,153,2025-02-17,,
C28007-181124,The Hong kong University of Science & Technology(HKUST),,FX40,Research,,Single 100µm,FX Standard,Mini450F,,,FX40 AE,approved,2026-01-19 05:58:59,152,2025-02-20,,
,"Anhui Jinglong Semiconductor Technology Co., Ltd",,NX20,Research,,Dual 100µm,Standard,Single MOD 2 units,,Vacuum Sample Chuck,AE202,approved,2026-01-19 05:58:59,151,2025-02-24,,
D30022-031224,충북대학교 신소재공학과,,NX7,Research,,Single 50µm,Standard,Accurion Nano30,,,AE101,approved,2026-01-19 05:58:59,150,2025-02-25,,
,Swiss Federal Institute of Technology Lausanne_EPFL,,FX200,Research,,Dual 100µm,FX Standard,Dual MOD 6 units,,Vacuum Sample Chuck,FX200 AE,approved,2026-01-19 05:58:59,149,2025-02-26,,
,TSMC F22(2),,NX-Wafer,Industrial,,Dual 100µm(300mm),Auto Align Standard,Dual MOD 8 units,50mm,Fork type,Isolated,approved,2026-01-19 05:58:59,148,2025-02-28,,
,TSMC AP2 Mini Line (4),,NX-TSH,Industrial,,,TSH 100µm,Dual MOD 6 units,,Coreflow customized,Isolated,approved,2026-01-19 05:58:59,147,2025-02-28,,
C160098-250924,Dongguan Guangmao Technology(2),,NX-Wafer,Industrial,,Dual 100µm(300mm),Auto Align Standard,Dual MOD 7 units,50mm,SiC Anti-warpage chuck,Double Walled,approved,2026-01-19 05:58:59,146,2025-03-07,,
,TSMC F22(1),,NX-Wafer,Industrial,,Dual 100µm(300mm),Auto Align Standard,Dual MOD 8 units,50mm,SiC Fork type chuck,Isolated,approved,2026-01-19 05:58:59,145,2025-03-09,,
,Swiss Federal Institute of TWuhan Polytechnic University,,NX10,Research,,Single 100µm,Standard,Accurion i4,,,AE203,approved,2026-01-19 05:58:59,144,2025-03-12,,
TH30001-241224,Thammasat University,,NX7,Research,,Single 50µm,Standard,Accurion Nano30,,,AE101,approved,2026-01-19 05:58:59,143,2025-03-13,,
D10197-170125,서울대학교_농림생물자원학부,,NX10,Research,,Single 50µm,Standard,Accurion i4,,,AE203,approved,2026-01-19 05:58:59,142,2025-03-13,,
,"University of Malaya_Low Dimensional Materials
 Research Centre",,NX10,Research,,Single 50µm,Standard,Accurion i4,,,AE203,approved,2026-01-19 05:58:59,141,2025-03-18,,
C32016-211024,"Zhejiang Fuxi Opto-electronic Manufacturing Co.,Ltd",,NX20 Lite,Research,,Single 100µm,Standard,Accurion i4 medium,,Vacuum Sample Chuck,AE201,approved,2026-01-19 05:58:59,140,2025-03-19,,
C150142-101224,Xinping Semiconductor (Shenzhen),,NX20,Research,,Dual 100µm,Standard,Single MOD 2 units,,Vacuum Sample Chuck,AE202,approved,2026-01-19 05:58:59,139,2025-03-20,,
U30008-141124,University of California-San Diego,,NX7,Research,,Single 50µm,Standard,Accurion Nano30,,,AE101,approved,2026-01-19 05:58:59,138,2025-03-21,,
,Samsung NRD-K eAFM,,NX-Wafer,Industrial,,Dual 100µm(300mm),Auto Align Standard,Dual MOD 8 units,50mm,SiC Fork type chuck,Isolated,approved,2026-01-19 05:58:59,137,2025-03-25,,
C32017-251124,"Shaoguang Core Material Technology Co., Ltd",,NX20 Lite,Research,,Single 100µm,Standard,Accurion i4 medium,,Vacuum Sample Chuck,AE201,approved,2026-01-19 05:58:59,135,2025-03-26,,
C33001-050824,SwaySure Technology,,NX-Wafer Plus,Industrial,,Dual 100µm(300mm),Auto Align Standard,,50mm,SiC Anti-warpage chuck,Isolated,approved,2026-01-19 05:58:59,136,2025-03-26,,
C30010-310125,Northwest University,,NX7,Research,,Single 100µm,Standard,Accurion Nano30,,,AE101,approved,2026-01-19 05:58:59,134,2025-03-27,,
,SZMTC,,NX20,Research,,Dual 100µm,Standard,Single MOD 2 units,,Vacuum Sample Chuck,AE202,approved,2026-01-19 05:58:59,132,2025-03-28,,
,가천대학교_전자공학부,,NX10,Research,,Single 50µm,Standard,Accurion i4,,,AE203,approved,2026-01-19 05:58:59,133,2025-03-28,,
D10198-231224,가천대학교 전자공학부,,NX10,Research,,Single 50µm,Standard,Accurion i4,,,AE203,approved,2026-01-19 05:58:59,131,2025-03-28,,
,SZMTC#5,,NX-PSS,Industrial,,Dual 100µm,Standard,Single MOD 2 units,,AL Bar type chuck,선택하세요,approved,2026-01-19 05:58:59,130,2025-04-01,,
,SZMTC#4,,NX-PSS,Industrial,,Dual 100µm,Standard,Single MOD 2 units,,AL Bar type chuck,선택하세요,approved,2026-01-19 05:58:59,129,2025-04-01,,
012-0020-002,App Team Demo,,NX12,Research,,Single 100µm,Standard,Mini450F,,,AE204,approved,2026-01-19 05:58:59,128,2025-04-01,,
C10097-020125,Zhejiang Sci-tech University,,NX10,Research,,Single 100µm,Standard,Accurion i4,,,AE203,approved,2026-01-19 05:58:59,127,2025-04-01,,
U23013-291124,University of Texas at Austin,,NX12,Research,,Single 100µm,Standard,Mini450F,,,AE203,approved,2026-01-19 05:58:59,126,2025-04-01,,
,"Zhejiang University_School of Mechanical
 Engineering",,NX7,Research,,Single 50µm,Standard,Accurion Nano30,,,AE101,approved,2026-01-19 05:58:59,125,2025-04-02,,
U22008-200125,PSI Demo,,NX-Hivac,Research,,Single 50µm,NX-Hivac Auto Align,Single MOD 2 units,,,Chamber,approved,2026-01-19 05:58:59,123,2025-04-04,,
C160105-060125,Zhejiang ICTruth,,NX-Wafer,Industrial,,Dual 100µm(300mm),Auto Align Standard,Dual MOD 8 units,50mm,SiC Anti-warpage chuck,Isolated,approved,2026-01-19 05:58:59,124,2025-04-04,,
C160106-220125,Hubei Dinghui,,NX-Wafer,Industrial,,Dual 100µm(300mm),Auto Align Standard,Dual MOD 7 units,50mm,SiC Anti-warpage chuck,Double Walled,approved,2026-01-19 05:58:59,122,2025-04-07,,
U150051-301224,Accretech America Inc.,,NX20,Research,,Dual 100µm,Standard,Dual MOD 4 units,,Vacuum Sample Chuck,AE202,approved,2026-01-19 05:58:59,121,2025-04-08,,
,"Quantum Technology Yangtze River Delta
 Industrial Innovation Center",,NX10,Research,,Single 100µm,Standard,Accurion i4,,,AE101,approved,2026-01-19 05:58:59,120,2025-04-08,,
C10098-030125,East China Normal University,,NX10,Research,,Single 100µm,Standard,Accurion i4,,,AE101,approved,2026-01-19 05:58:59,119,2025-04-10,,
C150144-220125,"Nanjing Pukou buyuexin integrated circuit Co., Ltd",,NX20,Research,,Dual 100µm,Standard,Dual MOD 4 units,,Vacuum Sample Chuck,AE202,approved,2026-01-19 05:58:59,118,2025-04-10,,
C10099-070125,North China University of Technology,,NX10,Research,,Single 100µm,Standard,Accurion i4,,,AE203,approved,2026-01-19 05:58:59,114,2025-04-14,,
,"University of California, Davis",,NX7,Research,,Single 50µm,Standard,Accurion Nano30,,,AE101,approved,2026-01-19 05:58:59,115,2025-04-14,,
C160100-291024,JCET Microelectronics,,NX-Wafer,Industrial,,Dual 100µm(300mm),Auto Align Long,Dual MOD 8 units,50mm,SiC Anti-warpage chuck,Isolated,approved,2026-01-19 05:58:59,117,2025-04-14,,
J150018-301224,Kyocera Corporation,,NX20,Research,,Dual 100µm,Standard,Dual MOD 4 units,,Vacuum Sample Chuck,AE401,approved,2026-01-19 05:58:59,116,2025-04-14,,
,UNIVERSITY FEDERAL MINAS GERAIS,,NX7,Research,,Single 50µm,Standard,Accurion Nano30,,,AE101,approved,2026-01-19 05:58:59,112,2025-04-15,,
C32018-301224,Guangdong Huicheng Vacuum Technology,,NX20 Lite,Research,,Single 100µm,Standard,Accurion i4 medium,,Vacuum Sample Chuck,AE201,approved,2026-01-19 05:58:59,113,2025-04-15,,
,Samsung (SEC) SRD,,NX-Wafer Plus,Industrial,,Dual 100µm(300mm),Auto Align Standard,,50mm,SiC Anti-warpage chuck,Isolated,approved,2026-01-19 05:58:59,111,2025-04-16,,
RO10002-200225,Institute of Macromolecular Chemistry Petru Poni,,NX10,Research,,Single 50µm,Standard,Accurion i4,,,AE203,approved,2026-01-19 05:58:59,110,2025-04-17,,
G28005-310125,PSE demo lab (1/2),,FX40,Research,,Single 100µm,FX Standard,Mini450F,,,FX40 AE,approved,2026-01-19 05:58:59,109,2025-04-21,,
U30009-200125,Purdue University,,NX7,Research,,Single 100µm,Standard,Accurion Nano30,,,AE101,approved,2026-01-19 05:58:59,108,2025-04-21,,
T34001-050325,Taiwan Instrument Research Institute,,NX10,Research,,Single 50µm,Standard,Accurion i4,,,AE203,approved,2026-01-19 05:58:59,107,2025-04-22,,
D280032-080125,금오공과대학교_신소재공학과(일신랩서비스),,FX40,Research,,Single 100µm,FX Standard,Mini450F,,,FX40 AE,approved,2026-01-19 05:58:59,106,2025-04-23,,
C150143-200125,"BestBay Co.,Limited",,NX20 300mm,Research,,Dual 100µm(300mm),Standard,Dual MOD 6 units,,Vacuum Sample Chuck,AE402,approved,2026-01-19 05:58:59,105,2025-04-28,,
I10020-100125,CNR-Nanotec(Lecce),,NX10,Research,,Single 100µm,Standard,Accurion i4,,,AE203,approved,2026-01-19 05:58:59,104,2025-04-28,,
T10015-050325,Taiwan Instrument Research Institute(TIRI),,FX200,Research,,Dual 100µm,FX Standard,Dual MOD 6 units,,Vacuum Sample Chuck,FX200 AE,approved,2026-01-19 05:58:59,103,2025-04-29,,
D30023-080225,울산과학기술 신소재공학과(UNIST),,NX7,Research,,Single 50µm,Standard,Accurion i4,,,AE101,approved,2026-01-19 05:58:59,102,2025-04-29,,
U10091-240225,Morgan State University,,NX10,Research,,Single 50µm,Standard,Accurion i4,,,AE101,approved,2026-01-19 05:58:59,101,2025-05-02,,
D150026-020125,아이큐랩,,NX20,Research,,Dual 100µm,Standard,Dual MOD 4 units,,Vacuum Sample Chuck,AE202,approved,2026-01-19 05:58:59,100,2025-05-07,,
C31008-130225,Wuhan Cyanopto Technology,,NX15,Research,,Single 100µm,Standard,Accurion i4 medium,,Vacuum Sample Chuck,AE201,approved,2026-01-19 05:58:59,99,2025-05-07,,
G30004-120325,"University of Siegen, Germany",,NX7,Research,,Single 100µm,Standard,Accurion Nano30,,,AE203,approved,2026-01-19 05:58:59,98,2025-05-09,,
PL30002-240325,AGH University,,NX7,Research,,Single 50µm,Standard,Accurion Nano30,,,AE101,approved,2026-01-19 05:58:59,97,2025-05-12,,
G34003-171224,Walther-Meissner-Institute,,FX200,Research,,Dual 100µm,FX Standard,Dual MOD 6 units,,Vacuum Sample Chuck,FX200 AE,approved,2026-01-19 05:58:59,95,2025-05-15,,
043-0000-005,ATC Demo,,FX200,Research,,Dual 100µm,FX Standard,Dual MOD 6 units,,Vacuum Sample Chuck,FX200 AE,approved,2026-01-19 05:58:59,96,2025-05-15,,
C150145-200225,Hangzhou Institute of Extremely-Weak Magnetic Field,,NX20,Research,,Dual 100µm,Standard,Single MOD 2 units,,Vacuum Sample Chuck,AE202,approved,2026-01-19 05:58:59,94,2025-05-16,,
I30001-250325,University of Siena,,NX7,Research,,Single 50µm,Standard,Accurion Nano30,,,AE101,approved,2026-01-19 05:58:59,92,2025-05-19,,
SW30002-010425,University of Zurich,,NX7,Research,,Single 50µm,Standard,Accurion Nano30,,,AE203,approved,2026-01-19 05:58:59,93,2025-05-19,,
D10199-240325,광주과학기술원_반도체공학과,,NX10,Research,,Single 50µm,Standard,Accurion i4,,,AE203,approved,2026-01-19 05:58:59,91,2025-05-20,,
C30011-200325,Shanxi Institute of Technology,,NX7,Research,,Single 100µm,Standard,Accurion Nano30,,,AE101,approved,2026-01-19 05:58:59,90,2025-05-28,,
G160013-060125,Infineon Dresden(4),,NX-Wafer,Industrial,,Dual 100µm(300mm),Auto Align Long,Dual MOD 8 units,50mm,SiC Anti-warpage chuck,Isolated,approved,2026-01-19 05:58:59,89,2025-05-29,,
C10102-060325,The Second Research Institute of CAAC,,NX10,Research,,Single 50µm,Standard,Accurion i4,,,AE203,approved,2026-01-19 05:58:59,88,2025-05-29,,
C160099-250924,Dongguan Guangmao Technology(3),,NX-Wafer,Industrial,,Dual 100µm(300mm),Auto Align Standard,Dual MOD 7 units,50mm,SiC Anti-warpage chuck,Double Walled,approved,2026-01-19 05:58:59,87,2025-06-02,,
E34001-100325,PS UK Demo Lab,,FX200,Research,,Dual 100µm,FX Standard,Dual MOD 6 units,,Vacuum Sample Chuck,FX200 AE,approved,2026-01-19 05:58:59,85,2025-06-02,,
D10201-310325,단국대학교_융합반도체공학과,,NX10,Research,,Single 50µm,Standard,Accurion i4,,,AE203,approved,2026-01-19 05:58:59,84,2025-06-02,,
C26008-300924,QMOT(Quanyi)(3),,NX-Mask,Industrial,,,TSH 50µm,Dual MOD 8 units,,Mask,Isolated,approved,2026-01-19 05:58:59,86,2025-06-02,,
C160103-041224,IME CAS(Beijing),,NX-Wafer,Industrial,,Dual 100µm(300mm),Auto Align Standard,Dual MOD 7 units,50mm,SiC Bar type chuck,Double Walled,approved,2026-01-19 05:58:59,83,2025-06-04,,
N34001-171224,National Metrology Institute,,FX200,Research,,Dual 100µm,FX Standard,Dual MOD 6 units,,Vacuum Sample Chuck,FX200 AE,approved,2026-01-19 05:58:59,82,2025-06-04,,
J28003-170225,PSJ DEMO,,FX40,Research,,Single 100µm,FX Standard,Mini450F,,,FX40 AE,approved,2026-01-19 05:58:59,81,2025-06-04,,
,울산과학기술원 물리학과,,NX7,Research,,Single 50µm,Standard,Accurion Nano30,,,AE101,approved,2026-01-19 05:58:59,80,2025-06-10,,
,Dupont Taiwan,,NX20,Research,,Dual 100µm(300mm),Auto Align Standard,Dual MOD 6 units,,Vacuum Sample Chuck,AE402,approved,2026-01-19 05:58:59,79,2025-06-11,,
F28007-240325,PSF Demo Lab,,FX40,Research,,Single 100um,Auto Align Standard,Mini450F,,,FX40 AE,approved,2026-01-19 05:58:59,78,2025-06-12,,
G27001-221024,PSE demotool,,NX-Hybrid WLI(Interferom Ver.),Industrial,,Dual 100µm(300mm),Auto Align Standard,Dual MOD 8 units,50mm,SiC Anti-warpage chuck,Isolated,approved,2026-01-19 05:58:59,77,2025-06-13,,
U27005-100225,Intel Hillsboro#3,,NX-Hybrid WLI,Industrial,,Dual 100µm(300mm),Auto Align Long,Dual MOD 8 units,50mm,SiC Anti-warpage chuck,Isolated,approved,2026-01-19 05:58:59,76,2025-06-13,,
T25011-210125,TSMC AP3(400TF),,NX-TSH400TF,Industrial,,,TSH 100µm,Dual MOD 8 units +Passive MOD 2 units,50mm,Porous Sample Chuck,Isolated,approved,2026-01-19 05:58:59,75,2025-06-15,,
C30012-280425,Xidian University Guangzhou Institute of Technology,,NX7,Research,,Single 100µm,Standard,Accurion Nano30,,,AE101,approved,2026-01-19 05:58:59,73,2025-06-16,,
D10202-300425,도레이첨담소재,,NX10,Research,,Single 50µm,Standard,Accurion i4,,,AE101,approved,2026-01-19 05:58:59,74,2025-06-16,,
C10103-070325,"Henkel Corporation, Ltd.",,NX10,Research,,Single 100µm,Standard,Accurion i4,,,AE203,approved,2026-01-19 05:58:59,71,2025-06-17,,
D150027-130325,에이티아이,,NX20 300mm,Research,,Dual 100µm,Standard,Dual MOD 6 units,,Vacuum Sample Chuck,AE402,approved,2026-01-19 05:58:59,72,2025-06-17,,
U28012-090425,Silicon Labs,,FX40,Research,,Single 100um,Auto Align Standard,Mini450F,,,FX40 AE,approved,2026-01-19 05:58:59,70,2025-06-23,,
C160101-271124,United Nova Technology,,NX-Wafer,Industrial,,Dual 100µm(300mm),Auto Align Standard,Dual MOD 7 units,,AL Bar type chuck,Double Walled,approved,2026-01-19 05:58:59,69,2025-06-24,,
IC10001-050525,University of Iceland,,NX10,Research,,Single 50µm,Standard,Accurion i4,,,AE203,approved,2026-01-19 05:58:59,68,2025-06-24,,
C26007-050824,Wuxi DIS Microelectronics,,NX-Mask,Industrial,,선택하세요,TSH 50µm,Dual MOD 8 units,선택하세요,Mask,Isolated,approved,2026-01-19 05:58:59,67,2025-06-25,,
T30002-230425,Chung Yuan Christian University,,NX7,Research,,Single 100µm,Standard,Accurion Nano30,,,AE101,approved,2026-01-19 05:58:59,66,2025-06-27,,
C28008-070425,University of Chinese Academy of Sciences,,FX40,Research,,Single 100µm,Auto Align Standard,Mini450F,,,FX40 AE,approved,2026-01-19 05:58:59,65,2025-06-30,,
S22001-180325,Advanced Micro Devices (Singapore) Pte. Ltd.,,NX-Hivac,Research,,Single 100µm,NX-Hivac Auto Align,Single MOD 2 units,,,Chamber,approved,2026-01-19 05:58:59,64,2025-07-01,,
D30025-070525,한양대학교 융합전자공학과,,NX7,Research,,Single 50µm,Standard,Accurion Nano30,,,AE101,approved,2026-01-19 05:58:59,63,2025-07-04,,
U10092-310325,University of Utah,,NX10,Research,,Single 100µm,Standard,Accurion i4,,,AE101,approved,2026-01-19 05:58:59,62,2025-07-07,,
J10042-080425,Tomoegawa Corporation,,NX10,Research,,Single 50µm,Standard,Accurion i4,,,AE203,approved,2026-01-19 05:58:59,61,2025-07-07,,
F10009-220525,Neel Institute,,NX10,Research,,Single 100µm,Standard,Accurion i4,,,AE203,approved,2026-01-19 05:58:59,60,2025-07-08,,
IN10024-090525,Vellore Institute of Technology,,NX10,Research,,Single 100µm,Standard,Accurion i4,,,AE203,approved,2026-01-19 05:58:59,58,2025-07-10,,
U33001-120324,Micron,,NX-Wafer Plus,Industrial,,Dual 100µm(300mm),Auto Align Standard,,50mm,SiC Anti-warpage chuck,Isolated,approved,2026-01-19 05:58:59,59,2025-07-10,,
D30026-300525,아주대학교_기계공학과,,NX7,Research,,Single 50µm,Standard,Accurion Nano30,,,AE101,approved,2026-01-19 05:58:59,57,2025-07-17,,
D10204-150525,HAESUNG DS,,NX10,Research,,Single 50µm,Standard,Accurion i4,,,AE101,approved,2026-01-19 05:58:59,55,2025-07-23,,
,Samsung NX-TSH 400TF,,NX-TSH400TF,Industrial,,선택하세요,TSH 100µm,Dual MOD 8 units,50mm,Porous Sample Chuck,Isolated,approved,2026-01-19 05:58:59,56,2025-07-23,,
U28013-270525,Analog Devices Inc,,FX40,Research,,Single 100µm,Standard,Mini450F,,,FX40 A/E,approved,2026-01-19 05:58:59,54,2025-07-24,,
U10094-020625,University of California at Berkeley,,NX10,Research,,Single 50µm,Standard,Accurion i4,,,,approved,2026-01-19 05:58:59,53,2025-07-25,,
,University of North Carolina,,NX10,Research,,Single 50µm,SICM Long Head,Accurion i4,,,AE101,approved,2026-01-19 05:58:59,52,2025-07-25,,
,Intel Hillsboro#4,,NX-Hybrid WLI,Industrial,,Dual 100µm(300mm),Auto Align Long,Dual MOD 8 units,50mm,SiC Anti-warpage chuck,Isolated,approved,2026-01-19 05:58:59,51,2025-07-29,,
,강원대학교_공동실험실습관,,FX40,Research,,Single 100µm,Standard,Mini450F,,,FX40 A/E,approved,2026-01-19 05:58:59,50,2025-07-30,,
,University of Padova,,NX7,Research,,Single 50µm,Standard,Accurion Nano30,,,AE101,approved,2026-01-19 05:58:59,49,2025-08-01,,
,Sony Semiconductor Manufacturing Corporation Nagasaki,,NX-Wafer,Industrial,,Dual 100µm(300mm),Auto Align Standard,Dual MOD 8 units,50mm,SiC Anti-warpage chuck,Isolated,approved,2026-01-19 05:58:59,48,2025-08-04,,
,National Research Council Institute for Microelectronics and Microsystems,,NX20,Research,,Dual 100µm,Standard,Single MOD 2 units,,,AE202,approved,2026-01-19 05:58:59,46,2025-08-05,,
,RATC Demo,,NX-Hivac,Research,,Single 50µm,NX-Hivac Auto Align,Single MOD 2 units,,Vacuum Sample Chuck,Chamber,approved,2026-01-19 05:58:59,47,2025-08-05,,
T150014-050325,Hon Hai Technology Group (FOXCONN),,NX20 Lite,Research,,Single 100µm,Standard,Accurion i4 medium,,Vacuum Sample Chuck,AE401,approved,2026-01-19 05:58:59,45,2025-08-06,,
,강원대학교 전기전자공학과,,NX7,Research,,Single 50µm,Standard,Accurion i4,선택하세요,선택하세요,AE101,approved,2026-01-19 05:58:59,44,2025-08-06,,
,GRANDIT#2,,NX10,Research,,Single 100µm,Standard,Accurion i4,,,AE203,approved,2026-01-19 05:58:59,43,2025-08-08,,
,Galaxycore(2),,NX-Wafer,Industrial,,Dual 100µm(300mm),Auto Align Long,Dual MOD 7 units,50mm,SiC Anti-warpage chuck,Double Walled,approved,2026-01-19 05:58:59,42,2025-08-11,,
,한국생산기술연구소,,NX7,Research,,Single 50µm,Standard,Accurion Nano30,,,AE101,approved,2026-01-19 05:58:59,41,2025-08-11,,
,공주대학교 공동실험실습관,,FX40,Research,,Single 100µm,Auto Align Standard,Mini450F,,,FX40 AE,approved,2026-01-19 05:58:59,40,2025-08-11,,
D10200-200325,고려대학교_융합대학원,,NX10,Research,,Single 50µm,Standard,Accurion i4,,,AE203,approved,2026-01-19 05:58:59,39,2025-08-19,,
,Sotacarbo Spa,,NX10,Research,,Single 100µm,Standard,Accurion i4,,,AE101,approved,2026-01-19 05:58:59,38,2025-08-20,,
,Samsung(SEC) P2D,,NX-Wafer,Industrial,,Dual 100µm(300mm),Auto Align Standard,Dual MOD 8 units,50mm,SiC Anti-warpage chuck,Isolated,approved,2026-01-19 05:58:59,37,2025-08-25,,
,IOE CAS (Chengdu),,NX-Wafer,Industrial,,Dual 100µm(300mm),Auto Align Standard,Dual MOD 7 units,50mm,SiC Bar type chuck,Double Walled,approved,2026-01-19 05:58:59,36,2025-08-28,,
,한국나노마이스터고등학고,,NX7,Research,,Single 50µm,Standard,Accurion Nano30,,,AE101,approved,2026-01-19 05:58:59,35,2025-08-29,,
,전북대학교_중재적메카노바이오센터,,FX40,Research,,Single 100µm,FX Standard,Mini450F,,,FX40 AE,approved,2026-01-19 05:58:59,34,2025-09-02,,
,서울대학교_에너지자원공학과,,NX10,Research,,Single 50µm,Standard,Accurion i4,,,Glove Box,approved,2026-01-19 05:58:59,33,2025-09-03,,
,Momentive Performance Materials (India),,NX20,Research,,Dual 100µm,Standard,Single MOD 2 units,,Vacuum Sample Chuck,AE202,approved,2026-01-19 05:58:59,32,2025-09-08,,
,Uzkimyosanoat Joint Stock Company,,NX10,Research,,Single 50µm,Standard,Accurion i4,,,AE203,approved,2026-01-19 05:58:59,31,2025-09-10,,
,Lumentum,,NX-HDM,Industrial,,Dual 100µm(300mm),Auto Align Standard,Dual MOD 4 units,,AL Bar type chuck,Double Walled,approved,2026-01-19 05:58:59,30,2025-09-12,,
,Clemson University,,NX-Hivac,Research,,Single 100µm,NX-Hivac Auto Align,Single MOD 2 units,,,Chamber,approved,2026-01-19 05:58:59,29,2025-09-12,,
,PSS Demo,,FX40,Research,,Single 100µm,FX Standard,,,,,approved,2026-01-19 05:58:59,28,2025-09-12,,
,Intel Hillsboro#6,,NX-Hybrid WLI,Industrial,,Dual 100µm(300mm),Auto Align Long,Dual MOD 8 units,50mm,SiC Anti-warpage chuck,Isolated,approved,2026-01-19 05:58:59,27,2025-09-17,,
,UNIST_신소재공학과,,NX7,Research,,Single 50µm,Standard,Accurion i4,,,AE101,approved,2026-01-19 05:58:59,26,2025-09-18,,
,한국에너지기술연구원,,NX10,Research,,Single 100µm,Standard,Accurion i4,,,Glove Box,approved,2026-01-19 05:58:59,25,2025-09-19,,
,"Analog Devices GEN, Trias INC.",,FX40,Research,,Single 100µm,FX Standard,Mini450F,,,FX40 AE,approved,2026-01-19 05:58:59,24,2025-09-22,,
,University of Electronic Science and Technology of China,,NX7,Research,,Single 50µm,Standard,Accurion Nano30,,,AE203,approved,2026-01-19 05:58:59,23,2025-09-23,,
,LMU Munich Nanophotonics Group,,NX10,Research,,Single 50µm,Standard,Accurion i4,,,AE203,approved,2026-01-19 05:58:59,22,2025-09-24,,
,Intel Hillsboro #5,,NX-Hybrid WLI,Industrial,,Dual 100µm(300mm),Auto Align Long,Dual MOD 8 units,50mm,SiC Anti-warpage chuck,Isolated,approved,2026-01-19 05:58:59,21,2025-09-26,,
,CNR-IFN,,NX10,Research,,Single 100µm,Standard,Accurion i4,,,AE203,approved,2026-01-19 05:58:59,20,2025-09-29,,
,포항공과대학교_화학공학과,,NX12,Research,,Single 100µm,Standard,Mini450F,,,AE204,approved,2026-01-19 05:58:59,18,2025-10-01,,
,Dalian Institute of Chemical Physics,,NX10,Research,,Single 100µm,Standard,Accurion i4,,,AE203,approved,2026-01-19 05:58:59,19,2025-10-01,,
,Micron F6,,NX-Wafer,Industrial,,Dual 100µm(300mm),Auto Align Standard,Dual MOD 7 units,50mm,SiC Anti-warpage chuck,Double Walled,approved,2026-01-19 05:58:59,17,2025-10-02,,
,Fujian Jingan Optoelectronics,,NX-PSS,Industrial,,Dual 100µm,Standard,Single MOD 2 units,,AL Bar type chuck,Double Walled,approved,2026-01-19 05:58:59,16,2025-10-13,,
TH21004-261124,WD Storage Technologies Ltd #2,,NX-PTR,Industrial,,Dual 100µm,Auto Align Standard,Dual MOD 4 units,,,Double Walled,approved,2026-01-19 05:58:59,15,2025-10-14,,
TH21003-261124,WD Storage Technologies Ltd #1,,NX-PTR,Industrial,,Dual 100µm,Auto Align Standard,Dual MOD 4 units,,,Double Walled,approved,2026-01-19 05:58:59,14,2025-10-14,,
,Zhejiang SDS,,NX-Wafer,Industrial,,Dual 100µm(300mm),Auto Align Standard,Dual MOD 8 units,50mm,SiC Anti-warpage chuck,Isolated,approved,2026-01-19 05:58:59,13,2025-10-14,,
,"Kitagawa Gresstech Co., Ltd",,NX20 300mm,Research,,Dual 100µm(300mm),Standard,Dual MOD 6 units,,Vacuum Sample Chuck,AE402,approved,2026-01-19 05:58:59,12,2025-10-16,,
,PSI EAST OFFICE,,NX10,Research,,Single 100µm,Standard,Accurion i4,,,AE203,approved,2026-01-19 05:58:59,11,2025-10-16,,
D280037-040825,램테크놀러지㈜,,FX40,Research,,Single 100µm,FX Standard,Mini450F,,,FX40 AE,approved,2026-01-19 05:58:59,6,2025-10-21,,
TH21005-261124,WD Storage Technologies Ltd #3,,NX-PTR,Industrial,,Dual 100µm,Auto Align Standard,Dual MOD 4 units,,,Double Walled,approved,2026-01-19 05:58:59,7,2025-10-21,,
TH21006-261124,WD Storage Technologies Ltd #4,,NX-PTR,Industrial,,Dual 100µm,Auto Align Standard,Dual MOD 4 units,,,Double Walled,approved,2026-01-19 05:58:59,9,2025-10-21,,
TH21007-261124,WD Storage Technologies Ltd #5,,NX-PTR,Industrial,,Dual 100µm,Auto Align Standard,Dual MOD 4 units,,,Double Walled,approved,2026-01-19 05:58:59,10,2025-10-21,,
,LG Display #3,,NX-TSH1518,Industrial,,Single 100µm,TSH 100µm,,,,Isolated,approved,2026-01-19 05:58:59,8,2025-10-21,,
C160110-150525,OEINO,,NX-Wafer,Industrial,,Dual 100µm(300mm),Auto Align Standard,Dual MOD 7 units,50mm,SiC Anti-warpage chuck,Double Walled,approved,2026-01-19 05:58:59,5,2025-10-27,,
BR10007-190825,Brazilian Center for Research in Physics,,NX10,Research,,Single 50µm,Standard,Accurion i4,,,AE101,approved,2026-01-19 05:58:59,4,2025-10-27,,
C180006-180625,ZJEAGLES,,NX-HDM,Industrial,,Dual 100µm(300mm),Auto Align Standard,Dual MOD 4 units,,AL Bar type chuck,,approved,2026-01-19 05:58:59,3,2025-10-28,,
J150021-250625,LAPIS Semiconductor,,NX20 300mm,Research,,Dual 100µm(300mm),Standard,Dual MOD 6 units,,Vacuum Sample Chuck,AE402,approved,2026-01-19 05:58:59,2,2025-10-29,,
C160107-030225,BYD Semiconductor(Jinan),,NX-Wafer,Industrial,,Dual 100µm(300mm),Auto Align Standard,Dual MOD 6 units,10mm,SiC Anti-warpage chuck,Double Walled,approved,2026-01-19 05:58:59,1,2025-11-30,,
